value,medical_category,risk_level,z_score
7740.0,Not Biologically Plausible,Error,10.05
7000.0,Not Biologically Plausible,Error,8.51
6652.0,Not Biologically Plausible,Error,7.78
6650.0,Not Biologically Plausible,Error,7.78
6620.0,Not Biologically Plausible,Error,7.71
6332.0,Not Biologically Plausible,Error,7.11
6300.0,Not Biologically Plausible,Error,7.05
6293.0,Not Biologically Plausible,Error,7.03
6250.0,Not Biologically Plausible,Error,6.94
6030.0,Not Biologically Plausible,Error,6.49
6030.0,Not Biologically Plausible,Error,6.49
6026.0,Not Biologically Plausible,Error,6.48
6026.0,Not Biologically Plausible,Error,6.48
6026.0,Not Biologically Plausible,Error,6.48
6018.0,Not Biologically Plausible,Error,6.46
6017.0,Not Biologically Plausible,Error,6.46
6013.0,Not Biologically Plausible,Error,6.45
6000.0,Not Biologically Plausible,Error,6.42
5850.0,Extreme Macrosomia,Very High,6.11
5580.0,Extreme Macrosomia,Very High,5.55
5580.0,Extreme Macrosomia,Very High,5.55
5560.0,Extreme Macrosomia,Very High,5.51
5560.0,Extreme Macrosomia,Very High,5.51
5560.0,Extreme Macrosomia,Very High,5.51
5550.0,Extreme Macrosomia,Very High,5.49
5550.0,Extreme Macrosomia,Very High,5.49
5540.0,Extreme Macrosomia,Very High,5.46
5530.0,Extreme Macrosomia,Very High,5.44
5530.0,Extreme Macrosomia,Very High,5.44
5530.0,Extreme Macrosomia,Very High,5.44
5515.0,Extreme Macrosomia,Very High,5.41
5510.0,Extreme Macrosomia,Very High,5.4
5490.0,Severe Macrosomia,High,5.36
5490.0,Severe Macrosomia,High,5.36
5480.0,Severe Macrosomia,High,5.34
5385.0,Severe Macrosomia,High,5.14
5335.0,Severe Macrosomia,High,5.04
5302.0,Severe Macrosomia,High,4.97
5300.0,Severe Macrosomia,High,4.96
5285.0,Severe Macrosomia,High,4.93
5280.0,Severe Macrosomia,High,4.92
5280.0,Severe Macrosomia,High,4.92
5260.0,Severe Macrosomia,High,4.88
5260.0,Severe Macrosomia,High,4.88
5260.0,Severe Macrosomia,High,4.88
5250.0,Severe Macrosomia,High,4.86
5250.0,Severe Macrosomia,High,4.86
5250.0,Severe Macrosomia,High,4.86
5250.0,Severe Macrosomia,High,4.86
5200.0,Severe Macrosomia,High,4.76
5200.0,Severe Macrosomia,High,4.76
5200.0,Severe Macrosomia,High,4.76
5160.0,Severe Macrosomia,High,4.67
5150.0,Severe Macrosomia,High,4.65
5130.0,Severe Macrosomia,High,4.61
5130.0,Severe Macrosomia,High,4.61
5060.0,Severe Macrosomia,High,4.46
5050.0,Severe Macrosomia,High,4.44
5030.0,Severe Macrosomia,High,4.4
5025.0,Severe Macrosomia,High,4.39
5019.0,Severe Macrosomia,High,4.38
5015.0,Severe Macrosomia,High,4.37
5010.0,Severe Macrosomia,High,4.36
5010.0,Severe Macrosomia,High,4.36
5007.0,Severe Macrosomia,High,4.35
5005.0,Severe Macrosomia,High,4.35
5004.0,Severe Macrosomia,High,4.35
5000.0,Severe Macrosomia,High,4.34
5000.0,Severe Macrosomia,High,4.34
5000.0,Severe Macrosomia,High,4.34
5000.0,Severe Macrosomia,High,4.34
5000.0,Severe Macrosomia,High,4.34
5000.0,Severe Macrosomia,High,4.34
5000.0,Severe Macrosomia,High,4.34
1496.0,Very Low Birth Weight (VLBW),Very High,2.96
1495.0,Very Low Birth Weight (VLBW),Very High,2.96
1495.0,Very Low Birth Weight (VLBW),Very High,2.96
1495.0,Very Low Birth Weight (VLBW),Very High,2.96
1495.0,Very Low Birth Weight (VLBW),Very High,2.96
1492.0,Very Low Birth Weight (VLBW),Very High,2.97
1490.0,Very Low Birth Weight (VLBW),Very High,2.98
1490.0,Very Low Birth Weight (VLBW),Very High,2.98
1490.0,Very Low Birth Weight (VLBW),Very High,2.98
1490.0,Very Low Birth Weight (VLBW),Very High,2.98
1490.0,Very Low Birth Weight (VLBW),Very High,2.98
1490.0,Very Low Birth Weight (VLBW),Very High,2.98
1490.0,Very Low Birth Weight (VLBW),Very High,2.98
1490.0,Very Low Birth Weight (VLBW),Very High,2.98
1490.0,Very Low Birth Weight (VLBW),Very High,2.98
1490.0,Very Low Birth Weight (VLBW),Very High,2.98
1490.0,Very Low Birth Weight (VLBW),Very High,2.98
1490.0,Very Low Birth Weight (VLBW),Very High,2.98
1490.0,Very Low Birth Weight (VLBW),Very High,2.98
1490.0,Very Low Birth Weight (VLBW),Very High,2.98
1490.0,Very Low Birth Weight (VLBW),Very High,2.98
1490.0,Very Low Birth Weight (VLBW),Very High,2.98
1490.0,Very Low Birth Weight (VLBW),Very High,2.98
1490.0,Very Low Birth Weight (VLBW),Very High,2.98
1490.0,Very Low Birth Weight (VLBW),Very High,2.98
1490.0,Very Low Birth Weight (VLBW),Very High,2.98
1490.0,Very Low Birth Weight (VLBW),Very High,2.98
1490.0,Very Low Birth Weight (VLBW),Very High,2.98
1490.0,Very Low Birth Weight (VLBW),Very High,2.98
1490.0,Very Low Birth Weight (VLBW),Very High,2.98
1485.0,Very Low Birth Weight (VLBW),Very High,2.99
1485.0,Very Low Birth Weight (VLBW),Very High,2.99
1485.0,Very Low Birth Weight (VLBW),Very High,2.99
1485.0,Very Low Birth Weight (VLBW),Very High,2.99
1485.0,Very Low Birth Weight (VLBW),Very High,2.99
1484.0,Very Low Birth Weight (VLBW),Very High,2.99
1482.0,Very Low Birth Weight (VLBW),Very High,2.99
1480.0,Very Low Birth Weight (VLBW),Very High,3.0
1480.0,Very Low Birth Weight (VLBW),Very High,3.0
1480.0,Very Low Birth Weight (VLBW),Very High,3.0
1480.0,Very Low Birth Weight (VLBW),Very High,3.0
1480.0,Very Low Birth Weight (VLBW),Very High,3.0
1480.0,Very Low Birth Weight (VLBW),Very High,3.0
1480.0,Very Low Birth Weight (VLBW),Very High,3.0
1480.0,Very Low Birth Weight (VLBW),Very High,3.0
1480.0,Very Low Birth Weight (VLBW),Very High,3.0
1480.0,Very Low Birth Weight (VLBW),Very High,3.0
1480.0,Very Low Birth Weight (VLBW),Very High,3.0
1480.0,Very Low Birth Weight (VLBW),Very High,3.0
1480.0,Very Low Birth Weight (VLBW),Very High,3.0
1480.0,Very Low Birth Weight (VLBW),Very High,3.0
1480.0,Very Low Birth Weight (VLBW),Very High,3.0
1480.0,Very Low Birth Weight (VLBW),Very High,3.0
1480.0,Very Low Birth Weight (VLBW),Very High,3.0
1480.0,Very Low Birth Weight (VLBW),Very High,3.0
1480.0,Very Low Birth Weight (VLBW),Very High,3.0
1480.0,Very Low Birth Weight (VLBW),Very High,3.0
1480.0,Very Low Birth Weight (VLBW),Very High,3.0
1480.0,Very Low Birth Weight (VLBW),Very High,3.0
1480.0,Very Low Birth Weight (VLBW),Very High,3.0
1480.0,Very Low Birth Weight (VLBW),Very High,3.0
1480.0,Very Low Birth Weight (VLBW),Very High,3.0
1480.0,Very Low Birth Weight (VLBW),Very High,3.0
1480.0,Very Low Birth Weight (VLBW),Very High,3.0
1480.0,Very Low Birth Weight (VLBW),Very High,3.0
1480.0,Very Low Birth Weight (VLBW),Very High,3.0
1480.0,Very Low Birth Weight (VLBW),Very High,3.0
1480.0,Very Low Birth Weight (VLBW),Very High,3.0
1480.0,Very Low Birth Weight (VLBW),Very High,3.0
1480.0,Very Low Birth Weight (VLBW),Very High,3.0
1480.0,Very Low Birth Weight (VLBW),Very High,3.0
1480.0,Very Low Birth Weight (VLBW),Very High,3.0
1480.0,Very Low Birth Weight (VLBW),Very High,3.0
1480.0,Very Low Birth Weight (VLBW),Very High,3.0
1480.0,Very Low Birth Weight (VLBW),Very High,3.0
1480.0,Very Low Birth Weight (VLBW),Very High,3.0
1480.0,Very Low Birth Weight (VLBW),Very High,3.0
1475.0,Very Low Birth Weight (VLBW),Very High,3.01
1475.0,Very Low Birth Weight (VLBW),Very High,3.01
1475.0,Very Low Birth Weight (VLBW),Very High,3.01
1475.0,Very Low Birth Weight (VLBW),Very High,3.01
1475.0,Very Low Birth Weight (VLBW),Very High,3.01
1475.0,Very Low Birth Weight (VLBW),Very High,3.01
1475.0,Very Low Birth Weight (VLBW),Very High,3.01
1475.0,Very Low Birth Weight (VLBW),Very High,3.01
1475.0,Very Low Birth Weight (VLBW),Very High,3.01
1475.0,Very Low Birth Weight (VLBW),Very High,3.01
1475.0,Very Low Birth Weight (VLBW),Very High,3.01
1475.0,Very Low Birth Weight (VLBW),Very High,3.01
1475.0,Very Low Birth Weight (VLBW),Very High,3.01
1475.0,Very Low Birth Weight (VLBW),Very High,3.01
1475.0,Very Low Birth Weight (VLBW),Very High,3.01
1475.0,Very Low Birth Weight (VLBW),Very High,3.01
1475.0,Very Low Birth Weight (VLBW),Very High,3.01
1470.0,Very Low Birth Weight (VLBW),Very High,3.02
1470.0,Very Low Birth Weight (VLBW),Very High,3.02
1470.0,Very Low Birth Weight (VLBW),Very High,3.02
1470.0,Very Low Birth Weight (VLBW),Very High,3.02
1470.0,Very Low Birth Weight (VLBW),Very High,3.02
1470.0,Very Low Birth Weight (VLBW),Very High,3.02
1470.0,Very Low Birth Weight (VLBW),Very High,3.02
1470.0,Very Low Birth Weight (VLBW),Very High,3.02
1470.0,Very Low Birth Weight (VLBW),Very High,3.02
1470.0,Very Low Birth Weight (VLBW),Very High,3.02
1470.0,Very Low Birth Weight (VLBW),Very High,3.02
1470.0,Very Low Birth Weight (VLBW),Very High,3.02
1470.0,Very Low Birth Weight (VLBW),Very High,3.02
1469.0,Very Low Birth Weight (VLBW),Very High,3.02
1466.0,Very Low Birth Weight (VLBW),Very High,3.03
1465.0,Very Low Birth Weight (VLBW),Very High,3.03
1465.0,Very Low Birth Weight (VLBW),Very High,3.03
1465.0,Very Low Birth Weight (VLBW),Very High,3.03
1465.0,Very Low Birth Weight (VLBW),Very High,3.03
1465.0,Very Low Birth Weight (VLBW),Very High,3.03
1465.0,Very Low Birth Weight (VLBW),Very High,3.03
1460.0,Very Low Birth Weight (VLBW),Very High,3.04
1460.0,Very Low Birth Weight (VLBW),Very High,3.04
1460.0,Very Low Birth Weight (VLBW),Very High,3.04
1460.0,Very Low Birth Weight (VLBW),Very High,3.04
1460.0,Very Low Birth Weight (VLBW),Very High,3.04
1460.0,Very Low Birth Weight (VLBW),Very High,3.04
1460.0,Very Low Birth Weight (VLBW),Very High,3.04
1460.0,Very Low Birth Weight (VLBW),Very High,3.04
1460.0,Very Low Birth Weight (VLBW),Very High,3.04
1460.0,Very Low Birth Weight (VLBW),Very High,3.04
1460.0,Very Low Birth Weight (VLBW),Very High,3.04
1460.0,Very Low Birth Weight (VLBW),Very High,3.04
1460.0,Very Low Birth Weight (VLBW),Very High,3.04
1460.0,Very Low Birth Weight (VLBW),Very High,3.04
1460.0,Very Low Birth Weight (VLBW),Very High,3.04
1460.0,Very Low Birth Weight (VLBW),Very High,3.04
1460.0,Very Low Birth Weight (VLBW),Very High,3.04
1460.0,Very Low Birth Weight (VLBW),Very High,3.04
1460.0,Very Low Birth Weight (VLBW),Very High,3.04
1460.0,Very Low Birth Weight (VLBW),Very High,3.04
1457.0,Very Low Birth Weight (VLBW),Very High,3.04
1455.0,Very Low Birth Weight (VLBW),Very High,3.05
1455.0,Very Low Birth Weight (VLBW),Very High,3.05
1455.0,Very Low Birth Weight (VLBW),Very High,3.05
1455.0,Very Low Birth Weight (VLBW),Very High,3.05
1455.0,Very Low Birth Weight (VLBW),Very High,3.05
1455.0,Very Low Birth Weight (VLBW),Very High,3.05
1455.0,Very Low Birth Weight (VLBW),Very High,3.05
1455.0,Very Low Birth Weight (VLBW),Very High,3.05
1450.0,Very Low Birth Weight (VLBW),Very High,3.06
1450.0,Very Low Birth Weight (VLBW),Very High,3.06
1450.0,Very Low Birth Weight (VLBW),Very High,3.06
1450.0,Very Low Birth Weight (VLBW),Very High,3.06
1450.0,Very Low Birth Weight (VLBW),Very High,3.06
1450.0,Very Low Birth Weight (VLBW),Very High,3.06
1450.0,Very Low Birth Weight (VLBW),Very High,3.06
1450.0,Very Low Birth Weight (VLBW),Very High,3.06
1450.0,Very Low Birth Weight (VLBW),Very High,3.06
1450.0,Very Low Birth Weight (VLBW),Very High,3.06
1450.0,Very Low Birth Weight (VLBW),Very High,3.06
1450.0,Very Low Birth Weight (VLBW),Very High,3.06
1450.0,Very Low Birth Weight (VLBW),Very High,3.06
1450.0,Very Low Birth Weight (VLBW),Very High,3.06
1450.0,Very Low Birth Weight (VLBW),Very High,3.06
1450.0,Very Low Birth Weight (VLBW),Very High,3.06
1450.0,Very Low Birth Weight (VLBW),Very High,3.06
1450.0,Very Low Birth Weight (VLBW),Very High,3.06
1450.0,Very Low Birth Weight (VLBW),Very High,3.06
1450.0,Very Low Birth Weight (VLBW),Very High,3.06
1450.0,Very Low Birth Weight (VLBW),Very High,3.06
1450.0,Very Low Birth Weight (VLBW),Very High,3.06
1450.0,Very Low Birth Weight (VLBW),Very High,3.06
1450.0,Very Low Birth Weight (VLBW),Very High,3.06
1450.0,Very Low Birth Weight (VLBW),Very High,3.06
1450.0,Very Low Birth Weight (VLBW),Very High,3.06
1450.0,Very Low Birth Weight (VLBW),Very High,3.06
1450.0,Very Low Birth Weight (VLBW),Very High,3.06
1450.0,Very Low Birth Weight (VLBW),Very High,3.06
1450.0,Very Low Birth Weight (VLBW),Very High,3.06
1450.0,Very Low Birth Weight (VLBW),Very High,3.06
1450.0,Very Low Birth Weight (VLBW),Very High,3.06
1450.0,Very Low Birth Weight (VLBW),Very High,3.06
1450.0,Very Low Birth Weight (VLBW),Very High,3.06
1450.0,Very Low Birth Weight (VLBW),Very High,3.06
1450.0,Very Low Birth Weight (VLBW),Very High,3.06
1450.0,Very Low Birth Weight (VLBW),Very High,3.06
1450.0,Very Low Birth Weight (VLBW),Very High,3.06
1450.0,Very Low Birth Weight (VLBW),Very High,3.06
1450.0,Very Low Birth Weight (VLBW),Very High,3.06
1450.0,Very Low Birth Weight (VLBW),Very High,3.06
1450.0,Very Low Birth Weight (VLBW),Very High,3.06
1450.0,Very Low Birth Weight (VLBW),Very High,3.06
1450.0,Very Low Birth Weight (VLBW),Very High,3.06
1450.0,Very Low Birth Weight (VLBW),Very High,3.06
1450.0,Very Low Birth Weight (VLBW),Very High,3.06
1450.0,Very Low Birth Weight (VLBW),Very High,3.06
1450.0,Very Low Birth Weight (VLBW),Very High,3.06
1450.0,Very Low Birth Weight (VLBW),Very High,3.06
1450.0,Very Low Birth Weight (VLBW),Very High,3.06
1450.0,Very Low Birth Weight (VLBW),Very High,3.06
1450.0,Very Low Birth Weight (VLBW),Very High,3.06
1450.0,Very Low Birth Weight (VLBW),Very High,3.06
1450.0,Very Low Birth Weight (VLBW),Very High,3.06
1450.0,Very Low Birth Weight (VLBW),Very High,3.06
1450.0,Very Low Birth Weight (VLBW),Very High,3.06
1450.0,Very Low Birth Weight (VLBW),Very High,3.06
1450.0,Very Low Birth Weight (VLBW),Very High,3.06
1450.0,Very Low Birth Weight (VLBW),Very High,3.06
1450.0,Very Low Birth Weight (VLBW),Very High,3.06
1450.0,Very Low Birth Weight (VLBW),Very High,3.06
1450.0,Very Low Birth Weight (VLBW),Very High,3.06
1450.0,Very Low Birth Weight (VLBW),Very High,3.06
1450.0,Very Low Birth Weight (VLBW),Very High,3.06
1450.0,Very Low Birth Weight (VLBW),Very High,3.06
1450.0,Very Low Birth Weight (VLBW),Very High,3.06
1450.0,Very Low Birth Weight (VLBW),Very High,3.06
1450.0,Very Low Birth Weight (VLBW),Very High,3.06
1446.0,Very Low Birth Weight (VLBW),Very High,3.07
1445.0,Very Low Birth Weight (VLBW),Very High,3.07
1445.0,Very Low Birth Weight (VLBW),Very High,3.07
1445.0,Very Low Birth Weight (VLBW),Very High,3.07
1445.0,Very Low Birth Weight (VLBW),Very High,3.07
1445.0,Very Low Birth Weight (VLBW),Very High,3.07
1445.0,Very Low Birth Weight (VLBW),Very High,3.07
1445.0,Very Low Birth Weight (VLBW),Very High,3.07
1445.0,Very Low Birth Weight (VLBW),Very High,3.07
1445.0,Very Low Birth Weight (VLBW),Very High,3.07
1445.0,Very Low Birth Weight (VLBW),Very High,3.07
1445.0,Very Low Birth Weight (VLBW),Very High,3.07
1443.0,Very Low Birth Weight (VLBW),Very High,3.07
1440.0,Very Low Birth Weight (VLBW),Very High,3.08
1440.0,Very Low Birth Weight (VLBW),Very High,3.08
1440.0,Very Low Birth Weight (VLBW),Very High,3.08
1440.0,Very Low Birth Weight (VLBW),Very High,3.08
1440.0,Very Low Birth Weight (VLBW),Very High,3.08
1440.0,Very Low Birth Weight (VLBW),Very High,3.08
1440.0,Very Low Birth Weight (VLBW),Very High,3.08
1440.0,Very Low Birth Weight (VLBW),Very High,3.08
1440.0,Very Low Birth Weight (VLBW),Very High,3.08
1440.0,Very Low Birth Weight (VLBW),Very High,3.08
1440.0,Very Low Birth Weight (VLBW),Very High,3.08
1440.0,Very Low Birth Weight (VLBW),Very High,3.08
1440.0,Very Low Birth Weight (VLBW),Very High,3.08
1440.0,Very Low Birth Weight (VLBW),Very High,3.08
1440.0,Very Low Birth Weight (VLBW),Very High,3.08
1440.0,Very Low Birth Weight (VLBW),Very High,3.08
1440.0,Very Low Birth Weight (VLBW),Very High,3.08
1440.0,Very Low Birth Weight (VLBW),Very High,3.08
1440.0,Very Low Birth Weight (VLBW),Very High,3.08
1440.0,Very Low Birth Weight (VLBW),Very High,3.08
1440.0,Very Low Birth Weight (VLBW),Very High,3.08
1440.0,Very Low Birth Weight (VLBW),Very High,3.08
1440.0,Very Low Birth Weight (VLBW),Very High,3.08
1440.0,Very Low Birth Weight (VLBW),Very High,3.08
1440.0,Very Low Birth Weight (VLBW),Very High,3.08
1440.0,Very Low Birth Weight (VLBW),Very High,3.08
1440.0,Very Low Birth Weight (VLBW),Very High,3.08
1436.0,Very Low Birth Weight (VLBW),Very High,3.09
1435.0,Very Low Birth Weight (VLBW),Very High,3.09
1435.0,Very Low Birth Weight (VLBW),Very High,3.09
1435.0,Very Low Birth Weight (VLBW),Very High,3.09
1435.0,Very Low Birth Weight (VLBW),Very High,3.09
1435.0,Very Low Birth Weight (VLBW),Very High,3.09
1435.0,Very Low Birth Weight (VLBW),Very High,3.09
1435.0,Very Low Birth Weight (VLBW),Very High,3.09
1435.0,Very Low Birth Weight (VLBW),Very High,3.09
1435.0,Very Low Birth Weight (VLBW),Very High,3.09
1435.0,Very Low Birth Weight (VLBW),Very High,3.09
1435.0,Very Low Birth Weight (VLBW),Very High,3.09
1435.0,Very Low Birth Weight (VLBW),Very High,3.09
1435.0,Very Low Birth Weight (VLBW),Very High,3.09
1435.0,Very Low Birth Weight (VLBW),Very High,3.09
1435.0,Very Low Birth Weight (VLBW),Very High,3.09
1435.0,Very Low Birth Weight (VLBW),Very High,3.09
1434.0,Very Low Birth Weight (VLBW),Very High,3.09
1434.0,Very Low Birth Weight (VLBW),Very High,3.09
1430.0,Very Low Birth Weight (VLBW),Very High,3.1
1430.0,Very Low Birth Weight (VLBW),Very High,3.1
1430.0,Very Low Birth Weight (VLBW),Very High,3.1
1430.0,Very Low Birth Weight (VLBW),Very High,3.1
1430.0,Very Low Birth Weight (VLBW),Very High,3.1
1430.0,Very Low Birth Weight (VLBW),Very High,3.1
1430.0,Very Low Birth Weight (VLBW),Very High,3.1
1430.0,Very Low Birth Weight (VLBW),Very High,3.1
1430.0,Very Low Birth Weight (VLBW),Very High,3.1
1430.0,Very Low Birth Weight (VLBW),Very High,3.1
1430.0,Very Low Birth Weight (VLBW),Very High,3.1
1430.0,Very Low Birth Weight (VLBW),Very High,3.1
1430.0,Very Low Birth Weight (VLBW),Very High,3.1
1430.0,Very Low Birth Weight (VLBW),Very High,3.1
1430.0,Very Low Birth Weight (VLBW),Very High,3.1
1430.0,Very Low Birth Weight (VLBW),Very High,3.1
1430.0,Very Low Birth Weight (VLBW),Very High,3.1
1430.0,Very Low Birth Weight (VLBW),Very High,3.1
1430.0,Very Low Birth Weight (VLBW),Very High,3.1
1430.0,Very Low Birth Weight (VLBW),Very High,3.1
1430.0,Very Low Birth Weight (VLBW),Very High,3.1
1430.0,Very Low Birth Weight (VLBW),Very High,3.1
1430.0,Very Low Birth Weight (VLBW),Very High,3.1
1430.0,Very Low Birth Weight (VLBW),Very High,3.1
1430.0,Very Low Birth Weight (VLBW),Very High,3.1
1430.0,Very Low Birth Weight (VLBW),Very High,3.1
1426.0,Very Low Birth Weight (VLBW),Very High,3.11
1426.0,Very Low Birth Weight (VLBW),Very High,3.11
1425.0,Very Low Birth Weight (VLBW),Very High,3.11
1425.0,Very Low Birth Weight (VLBW),Very High,3.11
1425.0,Very Low Birth Weight (VLBW),Very High,3.11
1425.0,Very Low Birth Weight (VLBW),Very High,3.11
1425.0,Very Low Birth Weight (VLBW),Very High,3.11
1425.0,Very Low Birth Weight (VLBW),Very High,3.11
1425.0,Very Low Birth Weight (VLBW),Very High,3.11
1425.0,Very Low Birth Weight (VLBW),Very High,3.11
1425.0,Very Low Birth Weight (VLBW),Very High,3.11
1425.0,Very Low Birth Weight (VLBW),Very High,3.11
1425.0,Very Low Birth Weight (VLBW),Very High,3.11
1425.0,Very Low Birth Weight (VLBW),Very High,3.11
1420.0,Very Low Birth Weight (VLBW),Very High,3.12
1420.0,Very Low Birth Weight (VLBW),Very High,3.12
1420.0,Very Low Birth Weight (VLBW),Very High,3.12
1420.0,Very Low Birth Weight (VLBW),Very High,3.12
1420.0,Very Low Birth Weight (VLBW),Very High,3.12
1420.0,Very Low Birth Weight (VLBW),Very High,3.12
1420.0,Very Low Birth Weight (VLBW),Very High,3.12
1420.0,Very Low Birth Weight (VLBW),Very High,3.12
1420.0,Very Low Birth Weight (VLBW),Very High,3.12
1420.0,Very Low Birth Weight (VLBW),Very High,3.12
1420.0,Very Low Birth Weight (VLBW),Very High,3.12
1420.0,Very Low Birth Weight (VLBW),Very High,3.12
1420.0,Very Low Birth Weight (VLBW),Very High,3.12
1420.0,Very Low Birth Weight (VLBW),Very High,3.12
1420.0,Very Low Birth Weight (VLBW),Very High,3.12
1420.0,Very Low Birth Weight (VLBW),Very High,3.12
1420.0,Very Low Birth Weight (VLBW),Very High,3.12
1420.0,Very Low Birth Weight (VLBW),Very High,3.12
1420.0,Very Low Birth Weight (VLBW),Very High,3.12
1420.0,Very Low Birth Weight (VLBW),Very High,3.12
1420.0,Very Low Birth Weight (VLBW),Very High,3.12
1420.0,Very Low Birth Weight (VLBW),Very High,3.12
1420.0,Very Low Birth Weight (VLBW),Very High,3.12
1420.0,Very Low Birth Weight (VLBW),Very High,3.12
1420.0,Very Low Birth Weight (VLBW),Very High,3.12
1420.0,Very Low Birth Weight (VLBW),Very High,3.12
1420.0,Very Low Birth Weight (VLBW),Very High,3.12
1420.0,Very Low Birth Weight (VLBW),Very High,3.12
1420.0,Very Low Birth Weight (VLBW),Very High,3.12
1420.0,Very Low Birth Weight (VLBW),Very High,3.12
1420.0,Very Low Birth Weight (VLBW),Very High,3.12
1420.0,Very Low Birth Weight (VLBW),Very High,3.12
1420.0,Very Low Birth Weight (VLBW),Very High,3.12
1420.0,Very Low Birth Weight (VLBW),Very High,3.12
1420.0,Very Low Birth Weight (VLBW),Very High,3.12
1416.0,Very Low Birth Weight (VLBW),Very High,3.13
1415.0,Very Low Birth Weight (VLBW),Very High,3.13
1415.0,Very Low Birth Weight (VLBW),Very High,3.13
1415.0,Very Low Birth Weight (VLBW),Very High,3.13
1415.0,Very Low Birth Weight (VLBW),Very High,3.13
1415.0,Very Low Birth Weight (VLBW),Very High,3.13
1415.0,Very Low Birth Weight (VLBW),Very High,3.13
1415.0,Very Low Birth Weight (VLBW),Very High,3.13
1415.0,Very Low Birth Weight (VLBW),Very High,3.13
1415.0,Very Low Birth Weight (VLBW),Very High,3.13
1415.0,Very Low Birth Weight (VLBW),Very High,3.13
1415.0,Very Low Birth Weight (VLBW),Very High,3.13
1410.0,Very Low Birth Weight (VLBW),Very High,3.14
1410.0,Very Low Birth Weight (VLBW),Very High,3.14
1410.0,Very Low Birth Weight (VLBW),Very High,3.14
1410.0,Very Low Birth Weight (VLBW),Very High,3.14
1410.0,Very Low Birth Weight (VLBW),Very High,3.14
1410.0,Very Low Birth Weight (VLBW),Very High,3.14
1410.0,Very Low Birth Weight (VLBW),Very High,3.14
1410.0,Very Low Birth Weight (VLBW),Very High,3.14
1410.0,Very Low Birth Weight (VLBW),Very High,3.14
1410.0,Very Low Birth Weight (VLBW),Very High,3.14
1410.0,Very Low Birth Weight (VLBW),Very High,3.14
1410.0,Very Low Birth Weight (VLBW),Very High,3.14
1410.0,Very Low Birth Weight (VLBW),Very High,3.14
1410.0,Very Low Birth Weight (VLBW),Very High,3.14
1410.0,Very Low Birth Weight (VLBW),Very High,3.14
1410.0,Very Low Birth Weight (VLBW),Very High,3.14
1410.0,Very Low Birth Weight (VLBW),Very High,3.14
1410.0,Very Low Birth Weight (VLBW),Very High,3.14
1410.0,Very Low Birth Weight (VLBW),Very High,3.14
1410.0,Very Low Birth Weight (VLBW),Very High,3.14
1410.0,Very Low Birth Weight (VLBW),Very High,3.14
1410.0,Very Low Birth Weight (VLBW),Very High,3.14
1410.0,Very Low Birth Weight (VLBW),Very High,3.14
1409.0,Very Low Birth Weight (VLBW),Very High,3.14
1405.0,Very Low Birth Weight (VLBW),Very High,3.15
1405.0,Very Low Birth Weight (VLBW),Very High,3.15
1405.0,Very Low Birth Weight (VLBW),Very High,3.15
1405.0,Very Low Birth Weight (VLBW),Very High,3.15
1405.0,Very Low Birth Weight (VLBW),Very High,3.15
1400.0,Very Low Birth Weight (VLBW),Very High,3.16
1400.0,Very Low Birth Weight (VLBW),Very High,3.16
1400.0,Very Low Birth Weight (VLBW),Very High,3.16
1400.0,Very Low Birth Weight (VLBW),Very High,3.16
1400.0,Very Low Birth Weight (VLBW),Very High,3.16
1400.0,Very Low Birth Weight (VLBW),Very High,3.16
1400.0,Very Low Birth Weight (VLBW),Very High,3.16
1400.0,Very Low Birth Weight (VLBW),Very High,3.16
1400.0,Very Low Birth Weight (VLBW),Very High,3.16
1400.0,Very Low Birth Weight (VLBW),Very High,3.16
1400.0,Very Low Birth Weight (VLBW),Very High,3.16
1400.0,Very Low Birth Weight (VLBW),Very High,3.16
1400.0,Very Low Birth Weight (VLBW),Very High,3.16
1400.0,Very Low Birth Weight (VLBW),Very High,3.16
1400.0,Very Low Birth Weight (VLBW),Very High,3.16
1400.0,Very Low Birth Weight (VLBW),Very High,3.16
1400.0,Very Low Birth Weight (VLBW),Very High,3.16
1400.0,Very Low Birth Weight (VLBW),Very High,3.16
1400.0,Very Low Birth Weight (VLBW),Very High,3.16
1400.0,Very Low Birth Weight (VLBW),Very High,3.16
1400.0,Very Low Birth Weight (VLBW),Very High,3.16
1400.0,Very Low Birth Weight (VLBW),Very High,3.16
1400.0,Very Low Birth Weight (VLBW),Very High,3.16
1400.0,Very Low Birth Weight (VLBW),Very High,3.16
1400.0,Very Low Birth Weight (VLBW),Very High,3.16
1400.0,Very Low Birth Weight (VLBW),Very High,3.16
1400.0,Very Low Birth Weight (VLBW),Very High,3.16
1400.0,Very Low Birth Weight (VLBW),Very High,3.16
1400.0,Very Low Birth Weight (VLBW),Very High,3.16
1400.0,Very Low Birth Weight (VLBW),Very High,3.16
1400.0,Very Low Birth Weight (VLBW),Very High,3.16
1400.0,Very Low Birth Weight (VLBW),Very High,3.16
1400.0,Very Low Birth Weight (VLBW),Very High,3.16
1400.0,Very Low Birth Weight (VLBW),Very High,3.16
1400.0,Very Low Birth Weight (VLBW),Very High,3.16
1400.0,Very Low Birth Weight (VLBW),Very High,3.16
1400.0,Very Low Birth Weight (VLBW),Very High,3.16
1400.0,Very Low Birth Weight (VLBW),Very High,3.16
1400.0,Very Low Birth Weight (VLBW),Very High,3.16
1400.0,Very Low Birth Weight (VLBW),Very High,3.16
1400.0,Very Low Birth Weight (VLBW),Very High,3.16
1400.0,Very Low Birth Weight (VLBW),Very High,3.16
1400.0,Very Low Birth Weight (VLBW),Very High,3.16
1400.0,Very Low Birth Weight (VLBW),Very High,3.16
1400.0,Very Low Birth Weight (VLBW),Very High,3.16
1400.0,Very Low Birth Weight (VLBW),Very High,3.16
1400.0,Very Low Birth Weight (VLBW),Very High,3.16
1400.0,Very Low Birth Weight (VLBW),Very High,3.16
1400.0,Very Low Birth Weight (VLBW),Very High,3.16
1400.0,Very Low Birth Weight (VLBW),Very High,3.16
1400.0,Very Low Birth Weight (VLBW),Very High,3.16
1400.0,Very Low Birth Weight (VLBW),Very High,3.16
1400.0,Very Low Birth Weight (VLBW),Very High,3.16
1400.0,Very Low Birth Weight (VLBW),Very High,3.16
1400.0,Very Low Birth Weight (VLBW),Very High,3.16
1400.0,Very Low Birth Weight (VLBW),Very High,3.16
1400.0,Very Low Birth Weight (VLBW),Very High,3.16
1400.0,Very Low Birth Weight (VLBW),Very High,3.16
1400.0,Very Low Birth Weight (VLBW),Very High,3.16
1400.0,Very Low Birth Weight (VLBW),Very High,3.16
1400.0,Very Low Birth Weight (VLBW),Very High,3.16
1400.0,Very Low Birth Weight (VLBW),Very High,3.16
1400.0,Very Low Birth Weight (VLBW),Very High,3.16
1400.0,Very Low Birth Weight (VLBW),Very High,3.16
1400.0,Very Low Birth Weight (VLBW),Very High,3.16
1400.0,Very Low Birth Weight (VLBW),Very High,3.16
1400.0,Very Low Birth Weight (VLBW),Very High,3.16
1400.0,Very Low Birth Weight (VLBW),Very High,3.16
1400.0,Very Low Birth Weight (VLBW),Very High,3.16
1400.0,Very Low Birth Weight (VLBW),Very High,3.16
1400.0,Very Low Birth Weight (VLBW),Very High,3.16
1400.0,Very Low Birth Weight (VLBW),Very High,3.16
1400.0,Very Low Birth Weight (VLBW),Very High,3.16
1400.0,Very Low Birth Weight (VLBW),Very High,3.16
1400.0,Very Low Birth Weight (VLBW),Very High,3.16
1400.0,Very Low Birth Weight (VLBW),Very High,3.16
1400.0,Very Low Birth Weight (VLBW),Very High,3.16
1400.0,Very Low Birth Weight (VLBW),Very High,3.16
1400.0,Very Low Birth Weight (VLBW),Very High,3.16
1400.0,Very Low Birth Weight (VLBW),Very High,3.16
1400.0,Very Low Birth Weight (VLBW),Very High,3.16
1400.0,Very Low Birth Weight (VLBW),Very High,3.16
1400.0,Very Low Birth Weight (VLBW),Very High,3.16
1400.0,Very Low Birth Weight (VLBW),Very High,3.16
1400.0,Very Low Birth Weight (VLBW),Very High,3.16
1400.0,Very Low Birth Weight (VLBW),Very High,3.16
1400.0,Very Low Birth Weight (VLBW),Very High,3.16
1400.0,Very Low Birth Weight (VLBW),Very High,3.16
1400.0,Very Low Birth Weight (VLBW),Very High,3.16
1400.0,Very Low Birth Weight (VLBW),Very High,3.16
1400.0,Very Low Birth Weight (VLBW),Very High,3.16
1400.0,Very Low Birth Weight (VLBW),Very High,3.16
1400.0,Very Low Birth Weight (VLBW),Very High,3.16
1400.0,Very Low Birth Weight (VLBW),Very High,3.16
1400.0,Very Low Birth Weight (VLBW),Very High,3.16
1400.0,Very Low Birth Weight (VLBW),Very High,3.16
1400.0,Very Low Birth Weight (VLBW),Very High,3.16
1400.0,Very Low Birth Weight (VLBW),Very High,3.16
1400.0,Very Low Birth Weight (VLBW),Very High,3.16
1400.0,Very Low Birth Weight (VLBW),Very High,3.16
1400.0,Very Low Birth Weight (VLBW),Very High,3.16
1400.0,Very Low Birth Weight (VLBW),Very High,3.16
1400.0,Very Low Birth Weight (VLBW),Very High,3.16
1400.0,Very Low Birth Weight (VLBW),Very High,3.16
1400.0,Very Low Birth Weight (VLBW),Very High,3.16
1400.0,Very Low Birth Weight (VLBW),Very High,3.16
1400.0,Very Low Birth Weight (VLBW),Very High,3.16
1400.0,Very Low Birth Weight (VLBW),Very High,3.16
1400.0,Very Low Birth Weight (VLBW),Very High,3.16
1400.0,Very Low Birth Weight (VLBW),Very High,3.16
1400.0,Very Low Birth Weight (VLBW),Very High,3.16
1400.0,Very Low Birth Weight (VLBW),Very High,3.16
1400.0,Very Low Birth Weight (VLBW),Very High,3.16
1400.0,Very Low Birth Weight (VLBW),Very High,3.16
1400.0,Very Low Birth Weight (VLBW),Very High,3.16
1400.0,Very Low Birth Weight (VLBW),Very High,3.16
1400.0,Very Low Birth Weight (VLBW),Very High,3.16
1400.0,Very Low Birth Weight (VLBW),Very High,3.16
1400.0,Very Low Birth Weight (VLBW),Very High,3.16
1400.0,Very Low Birth Weight (VLBW),Very High,3.16
1400.0,Very Low Birth Weight (VLBW),Very High,3.16
1400.0,Very Low Birth Weight (VLBW),Very High,3.16
1400.0,Very Low Birth Weight (VLBW),Very High,3.16
1400.0,Very Low Birth Weight (VLBW),Very High,3.16
1400.0,Very Low Birth Weight (VLBW),Very High,3.16
1400.0,Very Low Birth Weight (VLBW),Very High,3.16
1400.0,Very Low Birth Weight (VLBW),Very High,3.16
1400.0,Very Low Birth Weight (VLBW),Very High,3.16
1398.0,Very Low Birth Weight (VLBW),Very High,3.17
1395.0,Very Low Birth Weight (VLBW),Very High,3.17
1395.0,Very Low Birth Weight (VLBW),Very High,3.17
1395.0,Very Low Birth Weight (VLBW),Very High,3.17
1395.0,Very Low Birth Weight (VLBW),Very High,3.17
1395.0,Very Low Birth Weight (VLBW),Very High,3.17
1395.0,Very Low Birth Weight (VLBW),Very High,3.17
1395.0,Very Low Birth Weight (VLBW),Very High,3.17
1390.0,Very Low Birth Weight (VLBW),Very High,3.18
1390.0,Very Low Birth Weight (VLBW),Very High,3.18
1390.0,Very Low Birth Weight (VLBW),Very High,3.18
1390.0,Very Low Birth Weight (VLBW),Very High,3.18
1390.0,Very Low Birth Weight (VLBW),Very High,3.18
1390.0,Very Low Birth Weight (VLBW),Very High,3.18
1390.0,Very Low Birth Weight (VLBW),Very High,3.18
1390.0,Very Low Birth Weight (VLBW),Very High,3.18
1390.0,Very Low Birth Weight (VLBW),Very High,3.18
1390.0,Very Low Birth Weight (VLBW),Very High,3.18
1390.0,Very Low Birth Weight (VLBW),Very High,3.18
1390.0,Very Low Birth Weight (VLBW),Very High,3.18
1390.0,Very Low Birth Weight (VLBW),Very High,3.18
1390.0,Very Low Birth Weight (VLBW),Very High,3.18
1390.0,Very Low Birth Weight (VLBW),Very High,3.18
1390.0,Very Low Birth Weight (VLBW),Very High,3.18
1390.0,Very Low Birth Weight (VLBW),Very High,3.18
1390.0,Very Low Birth Weight (VLBW),Very High,3.18
1390.0,Very Low Birth Weight (VLBW),Very High,3.18
1385.0,Very Low Birth Weight (VLBW),Very High,3.19
1385.0,Very Low Birth Weight (VLBW),Very High,3.19
1385.0,Very Low Birth Weight (VLBW),Very High,3.19
1385.0,Very Low Birth Weight (VLBW),Very High,3.19
1385.0,Very Low Birth Weight (VLBW),Very High,3.19
1385.0,Very Low Birth Weight (VLBW),Very High,3.19
1385.0,Very Low Birth Weight (VLBW),Very High,3.19
1385.0,Very Low Birth Weight (VLBW),Very High,3.19
1380.0,Very Low Birth Weight (VLBW),Very High,3.2
1380.0,Very Low Birth Weight (VLBW),Very High,3.2
1380.0,Very Low Birth Weight (VLBW),Very High,3.2
1380.0,Very Low Birth Weight (VLBW),Very High,3.2
1380.0,Very Low Birth Weight (VLBW),Very High,3.2
1380.0,Very Low Birth Weight (VLBW),Very High,3.2
1380.0,Very Low Birth Weight (VLBW),Very High,3.2
1380.0,Very Low Birth Weight (VLBW),Very High,3.2
1380.0,Very Low Birth Weight (VLBW),Very High,3.2
1380.0,Very Low Birth Weight (VLBW),Very High,3.2
1380.0,Very Low Birth Weight (VLBW),Very High,3.2
1380.0,Very Low Birth Weight (VLBW),Very High,3.2
1375.0,Very Low Birth Weight (VLBW),Very High,3.21
1375.0,Very Low Birth Weight (VLBW),Very High,3.21
1375.0,Very Low Birth Weight (VLBW),Very High,3.21
1375.0,Very Low Birth Weight (VLBW),Very High,3.21
1375.0,Very Low Birth Weight (VLBW),Very High,3.21
1375.0,Very Low Birth Weight (VLBW),Very High,3.21
1375.0,Very Low Birth Weight (VLBW),Very High,3.21
1375.0,Very Low Birth Weight (VLBW),Very High,3.21
1375.0,Very Low Birth Weight (VLBW),Very High,3.21
1375.0,Very Low Birth Weight (VLBW),Very High,3.21
1375.0,Very Low Birth Weight (VLBW),Very High,3.21
1375.0,Very Low Birth Weight (VLBW),Very High,3.21
1371.0,Very Low Birth Weight (VLBW),Very High,3.22
1370.0,Very Low Birth Weight (VLBW),Very High,3.23
1370.0,Very Low Birth Weight (VLBW),Very High,3.23
1370.0,Very Low Birth Weight (VLBW),Very High,3.23
1370.0,Very Low Birth Weight (VLBW),Very High,3.23
1370.0,Very Low Birth Weight (VLBW),Very High,3.23
1370.0,Very Low Birth Weight (VLBW),Very High,3.23
1370.0,Very Low Birth Weight (VLBW),Very High,3.23
1370.0,Very Low Birth Weight (VLBW),Very High,3.23
1370.0,Very Low Birth Weight (VLBW),Very High,3.23
1370.0,Very Low Birth Weight (VLBW),Very High,3.23
1370.0,Very Low Birth Weight (VLBW),Very High,3.23
1370.0,Very Low Birth Weight (VLBW),Very High,3.23
1370.0,Very Low Birth Weight (VLBW),Very High,3.23
1370.0,Very Low Birth Weight (VLBW),Very High,3.23
1370.0,Very Low Birth Weight (VLBW),Very High,3.23
1370.0,Very Low Birth Weight (VLBW),Very High,3.23
1370.0,Very Low Birth Weight (VLBW),Very High,3.23
1370.0,Very Low Birth Weight (VLBW),Very High,3.23
1370.0,Very Low Birth Weight (VLBW),Very High,3.23
1370.0,Very Low Birth Weight (VLBW),Very High,3.23
1365.0,Very Low Birth Weight (VLBW),Very High,3.24
1365.0,Very Low Birth Weight (VLBW),Very High,3.24
1365.0,Very Low Birth Weight (VLBW),Very High,3.24
1365.0,Very Low Birth Weight (VLBW),Very High,3.24
1365.0,Very Low Birth Weight (VLBW),Very High,3.24
1365.0,Very Low Birth Weight (VLBW),Very High,3.24
1361.0,Very Low Birth Weight (VLBW),Very High,3.24
1360.0,Very Low Birth Weight (VLBW),Very High,3.25
1360.0,Very Low Birth Weight (VLBW),Very High,3.25
1360.0,Very Low Birth Weight (VLBW),Very High,3.25
1360.0,Very Low Birth Weight (VLBW),Very High,3.25
1360.0,Very Low Birth Weight (VLBW),Very High,3.25
1360.0,Very Low Birth Weight (VLBW),Very High,3.25
1360.0,Very Low Birth Weight (VLBW),Very High,3.25
1360.0,Very Low Birth Weight (VLBW),Very High,3.25
1360.0,Very Low Birth Weight (VLBW),Very High,3.25
1360.0,Very Low Birth Weight (VLBW),Very High,3.25
1360.0,Very Low Birth Weight (VLBW),Very High,3.25
1360.0,Very Low Birth Weight (VLBW),Very High,3.25
1360.0,Very Low Birth Weight (VLBW),Very High,3.25
1360.0,Very Low Birth Weight (VLBW),Very High,3.25
1360.0,Very Low Birth Weight (VLBW),Very High,3.25
1360.0,Very Low Birth Weight (VLBW),Very High,3.25
1360.0,Very Low Birth Weight (VLBW),Very High,3.25
1360.0,Very Low Birth Weight (VLBW),Very High,3.25
1360.0,Very Low Birth Weight (VLBW),Very High,3.25
1360.0,Very Low Birth Weight (VLBW),Very High,3.25
1360.0,Very Low Birth Weight (VLBW),Very High,3.25
1360.0,Very Low Birth Weight (VLBW),Very High,3.25
1360.0,Very Low Birth Weight (VLBW),Very High,3.25
1360.0,Very Low Birth Weight (VLBW),Very High,3.25
1360.0,Very Low Birth Weight (VLBW),Very High,3.25
1360.0,Very Low Birth Weight (VLBW),Very High,3.25
1360.0,Very Low Birth Weight (VLBW),Very High,3.25
1355.0,Very Low Birth Weight (VLBW),Very High,3.26
1355.0,Very Low Birth Weight (VLBW),Very High,3.26
1355.0,Very Low Birth Weight (VLBW),Very High,3.26
1355.0,Very Low Birth Weight (VLBW),Very High,3.26
1355.0,Very Low Birth Weight (VLBW),Very High,3.26
1355.0,Very Low Birth Weight (VLBW),Very High,3.26
1355.0,Very Low Birth Weight (VLBW),Very High,3.26
1355.0,Very Low Birth Weight (VLBW),Very High,3.26
1350.0,Very Low Birth Weight (VLBW),Very High,3.27
1350.0,Very Low Birth Weight (VLBW),Very High,3.27
1350.0,Very Low Birth Weight (VLBW),Very High,3.27
1350.0,Very Low Birth Weight (VLBW),Very High,3.27
1350.0,Very Low Birth Weight (VLBW),Very High,3.27
1350.0,Very Low Birth Weight (VLBW),Very High,3.27
1350.0,Very Low Birth Weight (VLBW),Very High,3.27
1350.0,Very Low Birth Weight (VLBW),Very High,3.27
1350.0,Very Low Birth Weight (VLBW),Very High,3.27
1350.0,Very Low Birth Weight (VLBW),Very High,3.27
1350.0,Very Low Birth Weight (VLBW),Very High,3.27
1350.0,Very Low Birth Weight (VLBW),Very High,3.27
1350.0,Very Low Birth Weight (VLBW),Very High,3.27
1350.0,Very Low Birth Weight (VLBW),Very High,3.27
1350.0,Very Low Birth Weight (VLBW),Very High,3.27
1350.0,Very Low Birth Weight (VLBW),Very High,3.27
1350.0,Very Low Birth Weight (VLBW),Very High,3.27
1350.0,Very Low Birth Weight (VLBW),Very High,3.27
1350.0,Very Low Birth Weight (VLBW),Very High,3.27
1350.0,Very Low Birth Weight (VLBW),Very High,3.27
1350.0,Very Low Birth Weight (VLBW),Very High,3.27
1350.0,Very Low Birth Weight (VLBW),Very High,3.27
1350.0,Very Low Birth Weight (VLBW),Very High,3.27
1350.0,Very Low Birth Weight (VLBW),Very High,3.27
1350.0,Very Low Birth Weight (VLBW),Very High,3.27
1350.0,Very Low Birth Weight (VLBW),Very High,3.27
1350.0,Very Low Birth Weight (VLBW),Very High,3.27
1350.0,Very Low Birth Weight (VLBW),Very High,3.27
1350.0,Very Low Birth Weight (VLBW),Very High,3.27
1350.0,Very Low Birth Weight (VLBW),Very High,3.27
1350.0,Very Low Birth Weight (VLBW),Very High,3.27
1350.0,Very Low Birth Weight (VLBW),Very High,3.27
1350.0,Very Low Birth Weight (VLBW),Very High,3.27
1350.0,Very Low Birth Weight (VLBW),Very High,3.27
1350.0,Very Low Birth Weight (VLBW),Very High,3.27
1350.0,Very Low Birth Weight (VLBW),Very High,3.27
1350.0,Very Low Birth Weight (VLBW),Very High,3.27
1350.0,Very Low Birth Weight (VLBW),Very High,3.27
1350.0,Very Low Birth Weight (VLBW),Very High,3.27
1350.0,Very Low Birth Weight (VLBW),Very High,3.27
1350.0,Very Low Birth Weight (VLBW),Very High,3.27
1350.0,Very Low Birth Weight (VLBW),Very High,3.27
1350.0,Very Low Birth Weight (VLBW),Very High,3.27
1348.0,Very Low Birth Weight (VLBW),Very High,3.27
1345.0,Very Low Birth Weight (VLBW),Very High,3.28
1345.0,Very Low Birth Weight (VLBW),Very High,3.28
1345.0,Very Low Birth Weight (VLBW),Very High,3.28
1345.0,Very Low Birth Weight (VLBW),Very High,3.28
1345.0,Very Low Birth Weight (VLBW),Very High,3.28
1343.0,Very Low Birth Weight (VLBW),Very High,3.28
1342.0,Very Low Birth Weight (VLBW),Very High,3.28
1342.0,Very Low Birth Weight (VLBW),Very High,3.28
1340.0,Very Low Birth Weight (VLBW),Very High,3.29
1340.0,Very Low Birth Weight (VLBW),Very High,3.29
1340.0,Very Low Birth Weight (VLBW),Very High,3.29
1340.0,Very Low Birth Weight (VLBW),Very High,3.29
1340.0,Very Low Birth Weight (VLBW),Very High,3.29
1340.0,Very Low Birth Weight (VLBW),Very High,3.29
1340.0,Very Low Birth Weight (VLBW),Very High,3.29
1340.0,Very Low Birth Weight (VLBW),Very High,3.29
1340.0,Very Low Birth Weight (VLBW),Very High,3.29
1340.0,Very Low Birth Weight (VLBW),Very High,3.29
1340.0,Very Low Birth Weight (VLBW),Very High,3.29
1340.0,Very Low Birth Weight (VLBW),Very High,3.29
1340.0,Very Low Birth Weight (VLBW),Very High,3.29
1340.0,Very Low Birth Weight (VLBW),Very High,3.29
1340.0,Very Low Birth Weight (VLBW),Very High,3.29
1340.0,Very Low Birth Weight (VLBW),Very High,3.29
1340.0,Very Low Birth Weight (VLBW),Very High,3.29
1340.0,Very Low Birth Weight (VLBW),Very High,3.29
1340.0,Very Low Birth Weight (VLBW),Very High,3.29
1340.0,Very Low Birth Weight (VLBW),Very High,3.29
1340.0,Very Low Birth Weight (VLBW),Very High,3.29
1340.0,Very Low Birth Weight (VLBW),Very High,3.29
1340.0,Very Low Birth Weight (VLBW),Very High,3.29
1340.0,Very Low Birth Weight (VLBW),Very High,3.29
1340.0,Very Low Birth Weight (VLBW),Very High,3.29
1340.0,Very Low Birth Weight (VLBW),Very High,3.29
1340.0,Very Low Birth Weight (VLBW),Very High,3.29
1340.0,Very Low Birth Weight (VLBW),Very High,3.29
1340.0,Very Low Birth Weight (VLBW),Very High,3.29
1339.0,Very Low Birth Weight (VLBW),Very High,3.29
1338.0,Very Low Birth Weight (VLBW),Very High,3.29
1335.0,Very Low Birth Weight (VLBW),Very High,3.3
1335.0,Very Low Birth Weight (VLBW),Very High,3.3
1335.0,Very Low Birth Weight (VLBW),Very High,3.3
1335.0,Very Low Birth Weight (VLBW),Very High,3.3
1335.0,Very Low Birth Weight (VLBW),Very High,3.3
1335.0,Very Low Birth Weight (VLBW),Very High,3.3
1330.0,Very Low Birth Weight (VLBW),Very High,3.31
1330.0,Very Low Birth Weight (VLBW),Very High,3.31
1330.0,Very Low Birth Weight (VLBW),Very High,3.31
1330.0,Very Low Birth Weight (VLBW),Very High,3.31
1330.0,Very Low Birth Weight (VLBW),Very High,3.31
1330.0,Very Low Birth Weight (VLBW),Very High,3.31
1330.0,Very Low Birth Weight (VLBW),Very High,3.31
1330.0,Very Low Birth Weight (VLBW),Very High,3.31
1330.0,Very Low Birth Weight (VLBW),Very High,3.31
1330.0,Very Low Birth Weight (VLBW),Very High,3.31
1330.0,Very Low Birth Weight (VLBW),Very High,3.31
1330.0,Very Low Birth Weight (VLBW),Very High,3.31
1330.0,Very Low Birth Weight (VLBW),Very High,3.31
1330.0,Very Low Birth Weight (VLBW),Very High,3.31
1330.0,Very Low Birth Weight (VLBW),Very High,3.31
1330.0,Very Low Birth Weight (VLBW),Very High,3.31
1330.0,Very Low Birth Weight (VLBW),Very High,3.31
1330.0,Very Low Birth Weight (VLBW),Very High,3.31
1330.0,Very Low Birth Weight (VLBW),Very High,3.31
1330.0,Very Low Birth Weight (VLBW),Very High,3.31
1330.0,Very Low Birth Weight (VLBW),Very High,3.31
1330.0,Very Low Birth Weight (VLBW),Very High,3.31
1330.0,Very Low Birth Weight (VLBW),Very High,3.31
1330.0,Very Low Birth Weight (VLBW),Very High,3.31
1330.0,Very Low Birth Weight (VLBW),Very High,3.31
1330.0,Very Low Birth Weight (VLBW),Very High,3.31
1330.0,Very Low Birth Weight (VLBW),Very High,3.31
1330.0,Very Low Birth Weight (VLBW),Very High,3.31
1325.0,Very Low Birth Weight (VLBW),Very High,3.32
1325.0,Very Low Birth Weight (VLBW),Very High,3.32
1325.0,Very Low Birth Weight (VLBW),Very High,3.32
1325.0,Very Low Birth Weight (VLBW),Very High,3.32
1325.0,Very Low Birth Weight (VLBW),Very High,3.32
1325.0,Very Low Birth Weight (VLBW),Very High,3.32
1325.0,Very Low Birth Weight (VLBW),Very High,3.32
1325.0,Very Low Birth Weight (VLBW),Very High,3.32
1320.0,Very Low Birth Weight (VLBW),Very High,3.33
1320.0,Very Low Birth Weight (VLBW),Very High,3.33
1320.0,Very Low Birth Weight (VLBW),Very High,3.33
1320.0,Very Low Birth Weight (VLBW),Very High,3.33
1320.0,Very Low Birth Weight (VLBW),Very High,3.33
1320.0,Very Low Birth Weight (VLBW),Very High,3.33
1320.0,Very Low Birth Weight (VLBW),Very High,3.33
1320.0,Very Low Birth Weight (VLBW),Very High,3.33
1320.0,Very Low Birth Weight (VLBW),Very High,3.33
1320.0,Very Low Birth Weight (VLBW),Very High,3.33
1320.0,Very Low Birth Weight (VLBW),Very High,3.33
1320.0,Very Low Birth Weight (VLBW),Very High,3.33
1320.0,Very Low Birth Weight (VLBW),Very High,3.33
1320.0,Very Low Birth Weight (VLBW),Very High,3.33
1320.0,Very Low Birth Weight (VLBW),Very High,3.33
1320.0,Very Low Birth Weight (VLBW),Very High,3.33
1320.0,Very Low Birth Weight (VLBW),Very High,3.33
1320.0,Very Low Birth Weight (VLBW),Very High,3.33
1320.0,Very Low Birth Weight (VLBW),Very High,3.33
1320.0,Very Low Birth Weight (VLBW),Very High,3.33
1320.0,Very Low Birth Weight (VLBW),Very High,3.33
1320.0,Very Low Birth Weight (VLBW),Very High,3.33
1320.0,Very Low Birth Weight (VLBW),Very High,3.33
1320.0,Very Low Birth Weight (VLBW),Very High,3.33
1320.0,Very Low Birth Weight (VLBW),Very High,3.33
1320.0,Very Low Birth Weight (VLBW),Very High,3.33
1320.0,Very Low Birth Weight (VLBW),Very High,3.33
1320.0,Very Low Birth Weight (VLBW),Very High,3.33
1320.0,Very Low Birth Weight (VLBW),Very High,3.33
1320.0,Very Low Birth Weight (VLBW),Very High,3.33
1320.0,Very Low Birth Weight (VLBW),Very High,3.33
1315.0,Very Low Birth Weight (VLBW),Very High,3.34
1315.0,Very Low Birth Weight (VLBW),Very High,3.34
1315.0,Very Low Birth Weight (VLBW),Very High,3.34
1315.0,Very Low Birth Weight (VLBW),Very High,3.34
1310.0,Very Low Birth Weight (VLBW),Very High,3.35
1310.0,Very Low Birth Weight (VLBW),Very High,3.35
1310.0,Very Low Birth Weight (VLBW),Very High,3.35
1310.0,Very Low Birth Weight (VLBW),Very High,3.35
1310.0,Very Low Birth Weight (VLBW),Very High,3.35
1310.0,Very Low Birth Weight (VLBW),Very High,3.35
1310.0,Very Low Birth Weight (VLBW),Very High,3.35
1310.0,Very Low Birth Weight (VLBW),Very High,3.35
1310.0,Very Low Birth Weight (VLBW),Very High,3.35
1306.0,Very Low Birth Weight (VLBW),Very High,3.36
1305.0,Very Low Birth Weight (VLBW),Very High,3.36
1305.0,Very Low Birth Weight (VLBW),Very High,3.36
1305.0,Very Low Birth Weight (VLBW),Very High,3.36
1305.0,Very Low Birth Weight (VLBW),Very High,3.36
1305.0,Very Low Birth Weight (VLBW),Very High,3.36
1305.0,Very Low Birth Weight (VLBW),Very High,3.36
1300.0,Very Low Birth Weight (VLBW),Very High,3.37
1300.0,Very Low Birth Weight (VLBW),Very High,3.37
1300.0,Very Low Birth Weight (VLBW),Very High,3.37
1300.0,Very Low Birth Weight (VLBW),Very High,3.37
1300.0,Very Low Birth Weight (VLBW),Very High,3.37
1300.0,Very Low Birth Weight (VLBW),Very High,3.37
1300.0,Very Low Birth Weight (VLBW),Very High,3.37
1300.0,Very Low Birth Weight (VLBW),Very High,3.37
1300.0,Very Low Birth Weight (VLBW),Very High,3.37
1300.0,Very Low Birth Weight (VLBW),Very High,3.37
1300.0,Very Low Birth Weight (VLBW),Very High,3.37
1300.0,Very Low Birth Weight (VLBW),Very High,3.37
1300.0,Very Low Birth Weight (VLBW),Very High,3.37
1300.0,Very Low Birth Weight (VLBW),Very High,3.37
1300.0,Very Low Birth Weight (VLBW),Very High,3.37
1300.0,Very Low Birth Weight (VLBW),Very High,3.37
1300.0,Very Low Birth Weight (VLBW),Very High,3.37
1300.0,Very Low Birth Weight (VLBW),Very High,3.37
1300.0,Very Low Birth Weight (VLBW),Very High,3.37
1300.0,Very Low Birth Weight (VLBW),Very High,3.37
1300.0,Very Low Birth Weight (VLBW),Very High,3.37
1300.0,Very Low Birth Weight (VLBW),Very High,3.37
1300.0,Very Low Birth Weight (VLBW),Very High,3.37
1300.0,Very Low Birth Weight (VLBW),Very High,3.37
1300.0,Very Low Birth Weight (VLBW),Very High,3.37
1300.0,Very Low Birth Weight (VLBW),Very High,3.37
1300.0,Very Low Birth Weight (VLBW),Very High,3.37
1300.0,Very Low Birth Weight (VLBW),Very High,3.37
1300.0,Very Low Birth Weight (VLBW),Very High,3.37
1300.0,Very Low Birth Weight (VLBW),Very High,3.37
1300.0,Very Low Birth Weight (VLBW),Very High,3.37
1300.0,Very Low Birth Weight (VLBW),Very High,3.37
1300.0,Very Low Birth Weight (VLBW),Very High,3.37
1300.0,Very Low Birth Weight (VLBW),Very High,3.37
1300.0,Very Low Birth Weight (VLBW),Very High,3.37
1300.0,Very Low Birth Weight (VLBW),Very High,3.37
1300.0,Very Low Birth Weight (VLBW),Very High,3.37
1300.0,Very Low Birth Weight (VLBW),Very High,3.37
1300.0,Very Low Birth Weight (VLBW),Very High,3.37
1300.0,Very Low Birth Weight (VLBW),Very High,3.37
1300.0,Very Low Birth Weight (VLBW),Very High,3.37
1300.0,Very Low Birth Weight (VLBW),Very High,3.37
1300.0,Very Low Birth Weight (VLBW),Very High,3.37
1300.0,Very Low Birth Weight (VLBW),Very High,3.37
1300.0,Very Low Birth Weight (VLBW),Very High,3.37
1300.0,Very Low Birth Weight (VLBW),Very High,3.37
1300.0,Very Low Birth Weight (VLBW),Very High,3.37
1300.0,Very Low Birth Weight (VLBW),Very High,3.37
1300.0,Very Low Birth Weight (VLBW),Very High,3.37
1300.0,Very Low Birth Weight (VLBW),Very High,3.37
1300.0,Very Low Birth Weight (VLBW),Very High,3.37
1300.0,Very Low Birth Weight (VLBW),Very High,3.37
1300.0,Very Low Birth Weight (VLBW),Very High,3.37
1300.0,Very Low Birth Weight (VLBW),Very High,3.37
1300.0,Very Low Birth Weight (VLBW),Very High,3.37
1300.0,Very Low Birth Weight (VLBW),Very High,3.37
1300.0,Very Low Birth Weight (VLBW),Very High,3.37
1300.0,Very Low Birth Weight (VLBW),Very High,3.37
1300.0,Very Low Birth Weight (VLBW),Very High,3.37
1300.0,Very Low Birth Weight (VLBW),Very High,3.37
1300.0,Very Low Birth Weight (VLBW),Very High,3.37
1300.0,Very Low Birth Weight (VLBW),Very High,3.37
1300.0,Very Low Birth Weight (VLBW),Very High,3.37
1300.0,Very Low Birth Weight (VLBW),Very High,3.37
1300.0,Very Low Birth Weight (VLBW),Very High,3.37
1300.0,Very Low Birth Weight (VLBW),Very High,3.37
1300.0,Very Low Birth Weight (VLBW),Very High,3.37
1300.0,Very Low Birth Weight (VLBW),Very High,3.37
1300.0,Very Low Birth Weight (VLBW),Very High,3.37
1300.0,Very Low Birth Weight (VLBW),Very High,3.37
1300.0,Very Low Birth Weight (VLBW),Very High,3.37
1300.0,Very Low Birth Weight (VLBW),Very High,3.37
1300.0,Very Low Birth Weight (VLBW),Very High,3.37
1300.0,Very Low Birth Weight (VLBW),Very High,3.37
1300.0,Very Low Birth Weight (VLBW),Very High,3.37
1300.0,Very Low Birth Weight (VLBW),Very High,3.37
1300.0,Very Low Birth Weight (VLBW),Very High,3.37
1300.0,Very Low Birth Weight (VLBW),Very High,3.37
1300.0,Very Low Birth Weight (VLBW),Very High,3.37
1300.0,Very Low Birth Weight (VLBW),Very High,3.37
1300.0,Very Low Birth Weight (VLBW),Very High,3.37
1300.0,Very Low Birth Weight (VLBW),Very High,3.37
1300.0,Very Low Birth Weight (VLBW),Very High,3.37
1300.0,Very Low Birth Weight (VLBW),Very High,3.37
1300.0,Very Low Birth Weight (VLBW),Very High,3.37
1300.0,Very Low Birth Weight (VLBW),Very High,3.37
1300.0,Very Low Birth Weight (VLBW),Very High,3.37
1300.0,Very Low Birth Weight (VLBW),Very High,3.37
1300.0,Very Low Birth Weight (VLBW),Very High,3.37
1300.0,Very Low Birth Weight (VLBW),Very High,3.37
1300.0,Very Low Birth Weight (VLBW),Very High,3.37
1300.0,Very Low Birth Weight (VLBW),Very High,3.37
1300.0,Very Low Birth Weight (VLBW),Very High,3.37
1300.0,Very Low Birth Weight (VLBW),Very High,3.37
1300.0,Very Low Birth Weight (VLBW),Very High,3.37
1300.0,Very Low Birth Weight (VLBW),Very High,3.37
1300.0,Very Low Birth Weight (VLBW),Very High,3.37
1300.0,Very Low Birth Weight (VLBW),Very High,3.37
1300.0,Very Low Birth Weight (VLBW),Very High,3.37
1300.0,Very Low Birth Weight (VLBW),Very High,3.37
1300.0,Very Low Birth Weight (VLBW),Very High,3.37
1300.0,Very Low Birth Weight (VLBW),Very High,3.37
1300.0,Very Low Birth Weight (VLBW),Very High,3.37
1300.0,Very Low Birth Weight (VLBW),Very High,3.37
1300.0,Very Low Birth Weight (VLBW),Very High,3.37
1300.0,Very Low Birth Weight (VLBW),Very High,3.37
1300.0,Very Low Birth Weight (VLBW),Very High,3.37
1300.0,Very Low Birth Weight (VLBW),Very High,3.37
1300.0,Very Low Birth Weight (VLBW),Very High,3.37
1300.0,Very Low Birth Weight (VLBW),Very High,3.37
1300.0,Very Low Birth Weight (VLBW),Very High,3.37
1300.0,Very Low Birth Weight (VLBW),Very High,3.37
1300.0,Very Low Birth Weight (VLBW),Very High,3.37
1300.0,Very Low Birth Weight (VLBW),Very High,3.37
1300.0,Very Low Birth Weight (VLBW),Very High,3.37
1300.0,Very Low Birth Weight (VLBW),Very High,3.37
1300.0,Very Low Birth Weight (VLBW),Very High,3.37
1300.0,Very Low Birth Weight (VLBW),Very High,3.37
1300.0,Very Low Birth Weight (VLBW),Very High,3.37
1300.0,Very Low Birth Weight (VLBW),Very High,3.37
1299.0,Very Low Birth Weight (VLBW),Very High,3.37
1297.0,Very Low Birth Weight (VLBW),Very High,3.38
1297.0,Very Low Birth Weight (VLBW),Very High,3.38
1295.0,Very Low Birth Weight (VLBW),Very High,3.38
1295.0,Very Low Birth Weight (VLBW),Very High,3.38
1295.0,Very Low Birth Weight (VLBW),Very High,3.38
1295.0,Very Low Birth Weight (VLBW),Very High,3.38
1295.0,Very Low Birth Weight (VLBW),Very High,3.38
1295.0,Very Low Birth Weight (VLBW),Very High,3.38
1290.0,Very Low Birth Weight (VLBW),Very High,3.39
1290.0,Very Low Birth Weight (VLBW),Very High,3.39
1290.0,Very Low Birth Weight (VLBW),Very High,3.39
1290.0,Very Low Birth Weight (VLBW),Very High,3.39
1290.0,Very Low Birth Weight (VLBW),Very High,3.39
1290.0,Very Low Birth Weight (VLBW),Very High,3.39
1290.0,Very Low Birth Weight (VLBW),Very High,3.39
1290.0,Very Low Birth Weight (VLBW),Very High,3.39
1290.0,Very Low Birth Weight (VLBW),Very High,3.39
1290.0,Very Low Birth Weight (VLBW),Very High,3.39
1290.0,Very Low Birth Weight (VLBW),Very High,3.39
1290.0,Very Low Birth Weight (VLBW),Very High,3.39
1290.0,Very Low Birth Weight (VLBW),Very High,3.39
1290.0,Very Low Birth Weight (VLBW),Very High,3.39
1290.0,Very Low Birth Weight (VLBW),Very High,3.39
1286.0,Very Low Birth Weight (VLBW),Very High,3.4
1285.0,Very Low Birth Weight (VLBW),Very High,3.4
1285.0,Very Low Birth Weight (VLBW),Very High,3.4
1285.0,Very Low Birth Weight (VLBW),Very High,3.4
1285.0,Very Low Birth Weight (VLBW),Very High,3.4
1285.0,Very Low Birth Weight (VLBW),Very High,3.4
1280.0,Very Low Birth Weight (VLBW),Very High,3.41
1280.0,Very Low Birth Weight (VLBW),Very High,3.41
1280.0,Very Low Birth Weight (VLBW),Very High,3.41
1280.0,Very Low Birth Weight (VLBW),Very High,3.41
1280.0,Very Low Birth Weight (VLBW),Very High,3.41
1280.0,Very Low Birth Weight (VLBW),Very High,3.41
1280.0,Very Low Birth Weight (VLBW),Very High,3.41
1280.0,Very Low Birth Weight (VLBW),Very High,3.41
1280.0,Very Low Birth Weight (VLBW),Very High,3.41
1280.0,Very Low Birth Weight (VLBW),Very High,3.41
1280.0,Very Low Birth Weight (VLBW),Very High,3.41
1280.0,Very Low Birth Weight (VLBW),Very High,3.41
1280.0,Very Low Birth Weight (VLBW),Very High,3.41
1280.0,Very Low Birth Weight (VLBW),Very High,3.41
1280.0,Very Low Birth Weight (VLBW),Very High,3.41
1280.0,Very Low Birth Weight (VLBW),Very High,3.41
1280.0,Very Low Birth Weight (VLBW),Very High,3.41
1280.0,Very Low Birth Weight (VLBW),Very High,3.41
1275.0,Very Low Birth Weight (VLBW),Very High,3.42
1275.0,Very Low Birth Weight (VLBW),Very High,3.42
1275.0,Very Low Birth Weight (VLBW),Very High,3.42
1275.0,Very Low Birth Weight (VLBW),Very High,3.42
1275.0,Very Low Birth Weight (VLBW),Very High,3.42
1275.0,Very Low Birth Weight (VLBW),Very High,3.42
1275.0,Very Low Birth Weight (VLBW),Very High,3.42
1270.0,Very Low Birth Weight (VLBW),Very High,3.43
1270.0,Very Low Birth Weight (VLBW),Very High,3.43
1270.0,Very Low Birth Weight (VLBW),Very High,3.43
1270.0,Very Low Birth Weight (VLBW),Very High,3.43
1270.0,Very Low Birth Weight (VLBW),Very High,3.43
1270.0,Very Low Birth Weight (VLBW),Very High,3.43
1270.0,Very Low Birth Weight (VLBW),Very High,3.43
1270.0,Very Low Birth Weight (VLBW),Very High,3.43
1270.0,Very Low Birth Weight (VLBW),Very High,3.43
1270.0,Very Low Birth Weight (VLBW),Very High,3.43
1270.0,Very Low Birth Weight (VLBW),Very High,3.43
1270.0,Very Low Birth Weight (VLBW),Very High,3.43
1270.0,Very Low Birth Weight (VLBW),Very High,3.43
1270.0,Very Low Birth Weight (VLBW),Very High,3.43
1270.0,Very Low Birth Weight (VLBW),Very High,3.43
1270.0,Very Low Birth Weight (VLBW),Very High,3.43
1270.0,Very Low Birth Weight (VLBW),Very High,3.43
1270.0,Very Low Birth Weight (VLBW),Very High,3.43
1270.0,Very Low Birth Weight (VLBW),Very High,3.43
1270.0,Very Low Birth Weight (VLBW),Very High,3.43
1270.0,Very Low Birth Weight (VLBW),Very High,3.43
1270.0,Very Low Birth Weight (VLBW),Very High,3.43
1270.0,Very Low Birth Weight (VLBW),Very High,3.43
1265.0,Very Low Birth Weight (VLBW),Very High,3.44
1265.0,Very Low Birth Weight (VLBW),Very High,3.44
1265.0,Very Low Birth Weight (VLBW),Very High,3.44
1265.0,Very Low Birth Weight (VLBW),Very High,3.44
1265.0,Very Low Birth Weight (VLBW),Very High,3.44
1265.0,Very Low Birth Weight (VLBW),Very High,3.44
1265.0,Very Low Birth Weight (VLBW),Very High,3.44
1260.0,Very Low Birth Weight (VLBW),Very High,3.45
1260.0,Very Low Birth Weight (VLBW),Very High,3.45
1260.0,Very Low Birth Weight (VLBW),Very High,3.45
1260.0,Very Low Birth Weight (VLBW),Very High,3.45
1260.0,Very Low Birth Weight (VLBW),Very High,3.45
1260.0,Very Low Birth Weight (VLBW),Very High,3.45
1260.0,Very Low Birth Weight (VLBW),Very High,3.45
1260.0,Very Low Birth Weight (VLBW),Very High,3.45
1260.0,Very Low Birth Weight (VLBW),Very High,3.45
1260.0,Very Low Birth Weight (VLBW),Very High,3.45
1260.0,Very Low Birth Weight (VLBW),Very High,3.45
1260.0,Very Low Birth Weight (VLBW),Very High,3.45
1260.0,Very Low Birth Weight (VLBW),Very High,3.45
1260.0,Very Low Birth Weight (VLBW),Very High,3.45
1260.0,Very Low Birth Weight (VLBW),Very High,3.45
1260.0,Very Low Birth Weight (VLBW),Very High,3.45
1260.0,Very Low Birth Weight (VLBW),Very High,3.45
1260.0,Very Low Birth Weight (VLBW),Very High,3.45
1260.0,Very Low Birth Weight (VLBW),Very High,3.45
1259.0,Very Low Birth Weight (VLBW),Very High,3.46
1258.0,Very Low Birth Weight (VLBW),Very High,3.46
1255.0,Very Low Birth Weight (VLBW),Very High,3.46
1255.0,Very Low Birth Weight (VLBW),Very High,3.46
1255.0,Very Low Birth Weight (VLBW),Very High,3.46
1255.0,Very Low Birth Weight (VLBW),Very High,3.46
1255.0,Very Low Birth Weight (VLBW),Very High,3.46
1255.0,Very Low Birth Weight (VLBW),Very High,3.46
1250.0,Very Low Birth Weight (VLBW),Very High,3.48
1250.0,Very Low Birth Weight (VLBW),Very High,3.48
1250.0,Very Low Birth Weight (VLBW),Very High,3.48
1250.0,Very Low Birth Weight (VLBW),Very High,3.48
1250.0,Very Low Birth Weight (VLBW),Very High,3.48
1250.0,Very Low Birth Weight (VLBW),Very High,3.48
1250.0,Very Low Birth Weight (VLBW),Very High,3.48
1250.0,Very Low Birth Weight (VLBW),Very High,3.48
1250.0,Very Low Birth Weight (VLBW),Very High,3.48
1250.0,Very Low Birth Weight (VLBW),Very High,3.48
1250.0,Very Low Birth Weight (VLBW),Very High,3.48
1250.0,Very Low Birth Weight (VLBW),Very High,3.48
1250.0,Very Low Birth Weight (VLBW),Very High,3.48
1250.0,Very Low Birth Weight (VLBW),Very High,3.48
1250.0,Very Low Birth Weight (VLBW),Very High,3.48
1250.0,Very Low Birth Weight (VLBW),Very High,3.48
1250.0,Very Low Birth Weight (VLBW),Very High,3.48
1250.0,Very Low Birth Weight (VLBW),Very High,3.48
1250.0,Very Low Birth Weight (VLBW),Very High,3.48
1250.0,Very Low Birth Weight (VLBW),Very High,3.48
1250.0,Very Low Birth Weight (VLBW),Very High,3.48
1250.0,Very Low Birth Weight (VLBW),Very High,3.48
1250.0,Very Low Birth Weight (VLBW),Very High,3.48
1250.0,Very Low Birth Weight (VLBW),Very High,3.48
1250.0,Very Low Birth Weight (VLBW),Very High,3.48
1250.0,Very Low Birth Weight (VLBW),Very High,3.48
1250.0,Very Low Birth Weight (VLBW),Very High,3.48
1250.0,Very Low Birth Weight (VLBW),Very High,3.48
1250.0,Very Low Birth Weight (VLBW),Very High,3.48
1250.0,Very Low Birth Weight (VLBW),Very High,3.48
1250.0,Very Low Birth Weight (VLBW),Very High,3.48
1250.0,Very Low Birth Weight (VLBW),Very High,3.48
1250.0,Very Low Birth Weight (VLBW),Very High,3.48
1250.0,Very Low Birth Weight (VLBW),Very High,3.48
1250.0,Very Low Birth Weight (VLBW),Very High,3.48
1250.0,Very Low Birth Weight (VLBW),Very High,3.48
1250.0,Very Low Birth Weight (VLBW),Very High,3.48
1250.0,Very Low Birth Weight (VLBW),Very High,3.48
1250.0,Very Low Birth Weight (VLBW),Very High,3.48
1250.0,Very Low Birth Weight (VLBW),Very High,3.48
1250.0,Very Low Birth Weight (VLBW),Very High,3.48
1250.0,Very Low Birth Weight (VLBW),Very High,3.48
1250.0,Very Low Birth Weight (VLBW),Very High,3.48
1250.0,Very Low Birth Weight (VLBW),Very High,3.48
1250.0,Very Low Birth Weight (VLBW),Very High,3.48
1250.0,Very Low Birth Weight (VLBW),Very High,3.48
1250.0,Very Low Birth Weight (VLBW),Very High,3.48
1250.0,Very Low Birth Weight (VLBW),Very High,3.48
1250.0,Very Low Birth Weight (VLBW),Very High,3.48
1250.0,Very Low Birth Weight (VLBW),Very High,3.48
1250.0,Very Low Birth Weight (VLBW),Very High,3.48
1250.0,Very Low Birth Weight (VLBW),Very High,3.48
1250.0,Very Low Birth Weight (VLBW),Very High,3.48
1250.0,Very Low Birth Weight (VLBW),Very High,3.48
1250.0,Very Low Birth Weight (VLBW),Very High,3.48
1250.0,Very Low Birth Weight (VLBW),Very High,3.48
1250.0,Very Low Birth Weight (VLBW),Very High,3.48
1250.0,Very Low Birth Weight (VLBW),Very High,3.48
1250.0,Very Low Birth Weight (VLBW),Very High,3.48
1245.0,Very Low Birth Weight (VLBW),Very High,3.49
1245.0,Very Low Birth Weight (VLBW),Very High,3.49
1245.0,Very Low Birth Weight (VLBW),Very High,3.49
1245.0,Very Low Birth Weight (VLBW),Very High,3.49
1245.0,Very Low Birth Weight (VLBW),Very High,3.49
1245.0,Very Low Birth Weight (VLBW),Very High,3.49
1245.0,Very Low Birth Weight (VLBW),Very High,3.49
1240.0,Very Low Birth Weight (VLBW),Very High,3.5
1240.0,Very Low Birth Weight (VLBW),Very High,3.5
1240.0,Very Low Birth Weight (VLBW),Very High,3.5
1240.0,Very Low Birth Weight (VLBW),Very High,3.5
1240.0,Very Low Birth Weight (VLBW),Very High,3.5
1240.0,Very Low Birth Weight (VLBW),Very High,3.5
1240.0,Very Low Birth Weight (VLBW),Very High,3.5
1240.0,Very Low Birth Weight (VLBW),Very High,3.5
1240.0,Very Low Birth Weight (VLBW),Very High,3.5
1240.0,Very Low Birth Weight (VLBW),Very High,3.5
1240.0,Very Low Birth Weight (VLBW),Very High,3.5
1240.0,Very Low Birth Weight (VLBW),Very High,3.5
1240.0,Very Low Birth Weight (VLBW),Very High,3.5
1240.0,Very Low Birth Weight (VLBW),Very High,3.5
1240.0,Very Low Birth Weight (VLBW),Very High,3.5
1240.0,Very Low Birth Weight (VLBW),Very High,3.5
1240.0,Very Low Birth Weight (VLBW),Very High,3.5
1240.0,Very Low Birth Weight (VLBW),Very High,3.5
1240.0,Very Low Birth Weight (VLBW),Very High,3.5
1240.0,Very Low Birth Weight (VLBW),Very High,3.5
1240.0,Very Low Birth Weight (VLBW),Very High,3.5
1240.0,Very Low Birth Weight (VLBW),Very High,3.5
1240.0,Very Low Birth Weight (VLBW),Very High,3.5
1240.0,Very Low Birth Weight (VLBW),Very High,3.5
1238.0,Very Low Birth Weight (VLBW),Very High,3.5
1235.0,Very Low Birth Weight (VLBW),Very High,3.51
1235.0,Very Low Birth Weight (VLBW),Very High,3.51
1235.0,Very Low Birth Weight (VLBW),Very High,3.51
1235.0,Very Low Birth Weight (VLBW),Very High,3.51
1235.0,Very Low Birth Weight (VLBW),Very High,3.51
1231.0,Very Low Birth Weight (VLBW),Very High,3.51
1231.0,Very Low Birth Weight (VLBW),Very High,3.51
1230.0,Very Low Birth Weight (VLBW),Very High,3.52
1230.0,Very Low Birth Weight (VLBW),Very High,3.52
1230.0,Very Low Birth Weight (VLBW),Very High,3.52
1230.0,Very Low Birth Weight (VLBW),Very High,3.52
1230.0,Very Low Birth Weight (VLBW),Very High,3.52
1230.0,Very Low Birth Weight (VLBW),Very High,3.52
1230.0,Very Low Birth Weight (VLBW),Very High,3.52
1230.0,Very Low Birth Weight (VLBW),Very High,3.52
1230.0,Very Low Birth Weight (VLBW),Very High,3.52
1230.0,Very Low Birth Weight (VLBW),Very High,3.52
1230.0,Very Low Birth Weight (VLBW),Very High,3.52
1230.0,Very Low Birth Weight (VLBW),Very High,3.52
1230.0,Very Low Birth Weight (VLBW),Very High,3.52
1230.0,Very Low Birth Weight (VLBW),Very High,3.52
1230.0,Very Low Birth Weight (VLBW),Very High,3.52
1230.0,Very Low Birth Weight (VLBW),Very High,3.52
1230.0,Very Low Birth Weight (VLBW),Very High,3.52
1230.0,Very Low Birth Weight (VLBW),Very High,3.52
1230.0,Very Low Birth Weight (VLBW),Very High,3.52
1230.0,Very Low Birth Weight (VLBW),Very High,3.52
1230.0,Very Low Birth Weight (VLBW),Very High,3.52
1230.0,Very Low Birth Weight (VLBW),Very High,3.52
1227.0,Very Low Birth Weight (VLBW),Very High,3.52
1225.0,Very Low Birth Weight (VLBW),Very High,3.53
1225.0,Very Low Birth Weight (VLBW),Very High,3.53
1225.0,Very Low Birth Weight (VLBW),Very High,3.53
1225.0,Very Low Birth Weight (VLBW),Very High,3.53
1225.0,Very Low Birth Weight (VLBW),Very High,3.53
1225.0,Very Low Birth Weight (VLBW),Very High,3.53
1225.0,Very Low Birth Weight (VLBW),Very High,3.53
1225.0,Very Low Birth Weight (VLBW),Very High,3.53
1225.0,Very Low Birth Weight (VLBW),Very High,3.53
1225.0,Very Low Birth Weight (VLBW),Very High,3.53
1225.0,Very Low Birth Weight (VLBW),Very High,3.53
1224.0,Very Low Birth Weight (VLBW),Very High,3.53
1220.0,Very Low Birth Weight (VLBW),Very High,3.54
1220.0,Very Low Birth Weight (VLBW),Very High,3.54
1220.0,Very Low Birth Weight (VLBW),Very High,3.54
1220.0,Very Low Birth Weight (VLBW),Very High,3.54
1220.0,Very Low Birth Weight (VLBW),Very High,3.54
1220.0,Very Low Birth Weight (VLBW),Very High,3.54
1220.0,Very Low Birth Weight (VLBW),Very High,3.54
1220.0,Very Low Birth Weight (VLBW),Very High,3.54
1220.0,Very Low Birth Weight (VLBW),Very High,3.54
1220.0,Very Low Birth Weight (VLBW),Very High,3.54
1220.0,Very Low Birth Weight (VLBW),Very High,3.54
1220.0,Very Low Birth Weight (VLBW),Very High,3.54
1220.0,Very Low Birth Weight (VLBW),Very High,3.54
1220.0,Very Low Birth Weight (VLBW),Very High,3.54
1220.0,Very Low Birth Weight (VLBW),Very High,3.54
1220.0,Very Low Birth Weight (VLBW),Very High,3.54
1220.0,Very Low Birth Weight (VLBW),Very High,3.54
1220.0,Very Low Birth Weight (VLBW),Very High,3.54
1220.0,Very Low Birth Weight (VLBW),Very High,3.54
1220.0,Very Low Birth Weight (VLBW),Very High,3.54
1220.0,Very Low Birth Weight (VLBW),Very High,3.54
1220.0,Very Low Birth Weight (VLBW),Very High,3.54
1217.0,Very Low Birth Weight (VLBW),Very High,3.54
1215.0,Very Low Birth Weight (VLBW),Very High,3.55
1215.0,Very Low Birth Weight (VLBW),Very High,3.55
1215.0,Very Low Birth Weight (VLBW),Very High,3.55
1215.0,Very Low Birth Weight (VLBW),Very High,3.55
1215.0,Very Low Birth Weight (VLBW),Very High,3.55
1210.0,Very Low Birth Weight (VLBW),Very High,3.56
1210.0,Very Low Birth Weight (VLBW),Very High,3.56
1210.0,Very Low Birth Weight (VLBW),Very High,3.56
1210.0,Very Low Birth Weight (VLBW),Very High,3.56
1210.0,Very Low Birth Weight (VLBW),Very High,3.56
1210.0,Very Low Birth Weight (VLBW),Very High,3.56
1210.0,Very Low Birth Weight (VLBW),Very High,3.56
1210.0,Very Low Birth Weight (VLBW),Very High,3.56
1210.0,Very Low Birth Weight (VLBW),Very High,3.56
1210.0,Very Low Birth Weight (VLBW),Very High,3.56
1210.0,Very Low Birth Weight (VLBW),Very High,3.56
1210.0,Very Low Birth Weight (VLBW),Very High,3.56
1210.0,Very Low Birth Weight (VLBW),Very High,3.56
1210.0,Very Low Birth Weight (VLBW),Very High,3.56
1210.0,Very Low Birth Weight (VLBW),Very High,3.56
1205.0,Very Low Birth Weight (VLBW),Very High,3.57
1205.0,Very Low Birth Weight (VLBW),Very High,3.57
1205.0,Very Low Birth Weight (VLBW),Very High,3.57
1205.0,Very Low Birth Weight (VLBW),Very High,3.57
1205.0,Very Low Birth Weight (VLBW),Very High,3.57
1205.0,Very Low Birth Weight (VLBW),Very High,3.57
1205.0,Very Low Birth Weight (VLBW),Very High,3.57
1205.0,Very Low Birth Weight (VLBW),Very High,3.57
1203.0,Very Low Birth Weight (VLBW),Very High,3.57
1200.0,Very Low Birth Weight (VLBW),Very High,3.58
1200.0,Very Low Birth Weight (VLBW),Very High,3.58
1200.0,Very Low Birth Weight (VLBW),Very High,3.58
1200.0,Very Low Birth Weight (VLBW),Very High,3.58
1200.0,Very Low Birth Weight (VLBW),Very High,3.58
1200.0,Very Low Birth Weight (VLBW),Very High,3.58
1200.0,Very Low Birth Weight (VLBW),Very High,3.58
1200.0,Very Low Birth Weight (VLBW),Very High,3.58
1200.0,Very Low Birth Weight (VLBW),Very High,3.58
1200.0,Very Low Birth Weight (VLBW),Very High,3.58
1200.0,Very Low Birth Weight (VLBW),Very High,3.58
1200.0,Very Low Birth Weight (VLBW),Very High,3.58
1200.0,Very Low Birth Weight (VLBW),Very High,3.58
1200.0,Very Low Birth Weight (VLBW),Very High,3.58
1200.0,Very Low Birth Weight (VLBW),Very High,3.58
1200.0,Very Low Birth Weight (VLBW),Very High,3.58
1200.0,Very Low Birth Weight (VLBW),Very High,3.58
1200.0,Very Low Birth Weight (VLBW),Very High,3.58
1200.0,Very Low Birth Weight (VLBW),Very High,3.58
1200.0,Very Low Birth Weight (VLBW),Very High,3.58
1200.0,Very Low Birth Weight (VLBW),Very High,3.58
1200.0,Very Low Birth Weight (VLBW),Very High,3.58
1200.0,Very Low Birth Weight (VLBW),Very High,3.58
1200.0,Very Low Birth Weight (VLBW),Very High,3.58
1200.0,Very Low Birth Weight (VLBW),Very High,3.58
1200.0,Very Low Birth Weight (VLBW),Very High,3.58
1200.0,Very Low Birth Weight (VLBW),Very High,3.58
1200.0,Very Low Birth Weight (VLBW),Very High,3.58
1200.0,Very Low Birth Weight (VLBW),Very High,3.58
1200.0,Very Low Birth Weight (VLBW),Very High,3.58
1200.0,Very Low Birth Weight (VLBW),Very High,3.58
1200.0,Very Low Birth Weight (VLBW),Very High,3.58
1200.0,Very Low Birth Weight (VLBW),Very High,3.58
1200.0,Very Low Birth Weight (VLBW),Very High,3.58
1200.0,Very Low Birth Weight (VLBW),Very High,3.58
1200.0,Very Low Birth Weight (VLBW),Very High,3.58
1200.0,Very Low Birth Weight (VLBW),Very High,3.58
1200.0,Very Low Birth Weight (VLBW),Very High,3.58
1200.0,Very Low Birth Weight (VLBW),Very High,3.58
1200.0,Very Low Birth Weight (VLBW),Very High,3.58
1200.0,Very Low Birth Weight (VLBW),Very High,3.58
1200.0,Very Low Birth Weight (VLBW),Very High,3.58
1200.0,Very Low Birth Weight (VLBW),Very High,3.58
1200.0,Very Low Birth Weight (VLBW),Very High,3.58
1200.0,Very Low Birth Weight (VLBW),Very High,3.58
1200.0,Very Low Birth Weight (VLBW),Very High,3.58
1200.0,Very Low Birth Weight (VLBW),Very High,3.58
1200.0,Very Low Birth Weight (VLBW),Very High,3.58
1200.0,Very Low Birth Weight (VLBW),Very High,3.58
1200.0,Very Low Birth Weight (VLBW),Very High,3.58
1200.0,Very Low Birth Weight (VLBW),Very High,3.58
1200.0,Very Low Birth Weight (VLBW),Very High,3.58
1200.0,Very Low Birth Weight (VLBW),Very High,3.58
1200.0,Very Low Birth Weight (VLBW),Very High,3.58
1200.0,Very Low Birth Weight (VLBW),Very High,3.58
1200.0,Very Low Birth Weight (VLBW),Very High,3.58
1200.0,Very Low Birth Weight (VLBW),Very High,3.58
1200.0,Very Low Birth Weight (VLBW),Very High,3.58
1200.0,Very Low Birth Weight (VLBW),Very High,3.58
1200.0,Very Low Birth Weight (VLBW),Very High,3.58
1200.0,Very Low Birth Weight (VLBW),Very High,3.58
1200.0,Very Low Birth Weight (VLBW),Very High,3.58
1200.0,Very Low Birth Weight (VLBW),Very High,3.58
1200.0,Very Low Birth Weight (VLBW),Very High,3.58
1200.0,Very Low Birth Weight (VLBW),Very High,3.58
1200.0,Very Low Birth Weight (VLBW),Very High,3.58
1200.0,Very Low Birth Weight (VLBW),Very High,3.58
1200.0,Very Low Birth Weight (VLBW),Very High,3.58
1200.0,Very Low Birth Weight (VLBW),Very High,3.58
1200.0,Very Low Birth Weight (VLBW),Very High,3.58
1200.0,Very Low Birth Weight (VLBW),Very High,3.58
1200.0,Very Low Birth Weight (VLBW),Very High,3.58
1200.0,Very Low Birth Weight (VLBW),Very High,3.58
1200.0,Very Low Birth Weight (VLBW),Very High,3.58
1200.0,Very Low Birth Weight (VLBW),Very High,3.58
1200.0,Very Low Birth Weight (VLBW),Very High,3.58
1200.0,Very Low Birth Weight (VLBW),Very High,3.58
1200.0,Very Low Birth Weight (VLBW),Very High,3.58
1200.0,Very Low Birth Weight (VLBW),Very High,3.58
1199.0,Very Low Birth Weight (VLBW),Very High,3.58
1195.0,Very Low Birth Weight (VLBW),Very High,3.59
1195.0,Very Low Birth Weight (VLBW),Very High,3.59
1195.0,Very Low Birth Weight (VLBW),Very High,3.59
1195.0,Very Low Birth Weight (VLBW),Very High,3.59
1195.0,Very Low Birth Weight (VLBW),Very High,3.59
1195.0,Very Low Birth Weight (VLBW),Very High,3.59
1195.0,Very Low Birth Weight (VLBW),Very High,3.59
1195.0,Very Low Birth Weight (VLBW),Very High,3.59
1195.0,Very Low Birth Weight (VLBW),Very High,3.59
1190.0,Very Low Birth Weight (VLBW),Very High,3.6
1190.0,Very Low Birth Weight (VLBW),Very High,3.6
1190.0,Very Low Birth Weight (VLBW),Very High,3.6
1190.0,Very Low Birth Weight (VLBW),Very High,3.6
1190.0,Very Low Birth Weight (VLBW),Very High,3.6
1190.0,Very Low Birth Weight (VLBW),Very High,3.6
1190.0,Very Low Birth Weight (VLBW),Very High,3.6
1190.0,Very Low Birth Weight (VLBW),Very High,3.6
1190.0,Very Low Birth Weight (VLBW),Very High,3.6
1190.0,Very Low Birth Weight (VLBW),Very High,3.6
1190.0,Very Low Birth Weight (VLBW),Very High,3.6
1190.0,Very Low Birth Weight (VLBW),Very High,3.6
1190.0,Very Low Birth Weight (VLBW),Very High,3.6
1190.0,Very Low Birth Weight (VLBW),Very High,3.6
1190.0,Very Low Birth Weight (VLBW),Very High,3.6
1190.0,Very Low Birth Weight (VLBW),Very High,3.6
1187.0,Very Low Birth Weight (VLBW),Very High,3.61
1185.0,Very Low Birth Weight (VLBW),Very High,3.61
1185.0,Very Low Birth Weight (VLBW),Very High,3.61
1185.0,Very Low Birth Weight (VLBW),Very High,3.61
1185.0,Very Low Birth Weight (VLBW),Very High,3.61
1180.0,Very Low Birth Weight (VLBW),Very High,3.62
1180.0,Very Low Birth Weight (VLBW),Very High,3.62
1180.0,Very Low Birth Weight (VLBW),Very High,3.62
1180.0,Very Low Birth Weight (VLBW),Very High,3.62
1180.0,Very Low Birth Weight (VLBW),Very High,3.62
1180.0,Very Low Birth Weight (VLBW),Very High,3.62
1180.0,Very Low Birth Weight (VLBW),Very High,3.62
1180.0,Very Low Birth Weight (VLBW),Very High,3.62
1180.0,Very Low Birth Weight (VLBW),Very High,3.62
1180.0,Very Low Birth Weight (VLBW),Very High,3.62
1180.0,Very Low Birth Weight (VLBW),Very High,3.62
1180.0,Very Low Birth Weight (VLBW),Very High,3.62
1180.0,Very Low Birth Weight (VLBW),Very High,3.62
1180.0,Very Low Birth Weight (VLBW),Very High,3.62
1180.0,Very Low Birth Weight (VLBW),Very High,3.62
1180.0,Very Low Birth Weight (VLBW),Very High,3.62
1180.0,Very Low Birth Weight (VLBW),Very High,3.62
1180.0,Very Low Birth Weight (VLBW),Very High,3.62
1179.0,Very Low Birth Weight (VLBW),Very High,3.62
1177.0,Very Low Birth Weight (VLBW),Very High,3.63
1175.0,Very Low Birth Weight (VLBW),Very High,3.63
1175.0,Very Low Birth Weight (VLBW),Very High,3.63
1175.0,Very Low Birth Weight (VLBW),Very High,3.63
1175.0,Very Low Birth Weight (VLBW),Very High,3.63
1175.0,Very Low Birth Weight (VLBW),Very High,3.63
1175.0,Very Low Birth Weight (VLBW),Very High,3.63
1175.0,Very Low Birth Weight (VLBW),Very High,3.63
1175.0,Very Low Birth Weight (VLBW),Very High,3.63
1175.0,Very Low Birth Weight (VLBW),Very High,3.63
1175.0,Very Low Birth Weight (VLBW),Very High,3.63
1172.0,Very Low Birth Weight (VLBW),Very High,3.64
1170.0,Very Low Birth Weight (VLBW),Very High,3.64
1170.0,Very Low Birth Weight (VLBW),Very High,3.64
1170.0,Very Low Birth Weight (VLBW),Very High,3.64
1170.0,Very Low Birth Weight (VLBW),Very High,3.64
1170.0,Very Low Birth Weight (VLBW),Very High,3.64
1170.0,Very Low Birth Weight (VLBW),Very High,3.64
1170.0,Very Low Birth Weight (VLBW),Very High,3.64
1170.0,Very Low Birth Weight (VLBW),Very High,3.64
1170.0,Very Low Birth Weight (VLBW),Very High,3.64
1170.0,Very Low Birth Weight (VLBW),Very High,3.64
1170.0,Very Low Birth Weight (VLBW),Very High,3.64
1170.0,Very Low Birth Weight (VLBW),Very High,3.64
1170.0,Very Low Birth Weight (VLBW),Very High,3.64
1170.0,Very Low Birth Weight (VLBW),Very High,3.64
1170.0,Very Low Birth Weight (VLBW),Very High,3.64
1170.0,Very Low Birth Weight (VLBW),Very High,3.64
1170.0,Very Low Birth Weight (VLBW),Very High,3.64
1170.0,Very Low Birth Weight (VLBW),Very High,3.64
1170.0,Very Low Birth Weight (VLBW),Very High,3.64
1170.0,Very Low Birth Weight (VLBW),Very High,3.64
1170.0,Very Low Birth Weight (VLBW),Very High,3.64
1170.0,Very Low Birth Weight (VLBW),Very High,3.64
1170.0,Very Low Birth Weight (VLBW),Very High,3.64
1170.0,Very Low Birth Weight (VLBW),Very High,3.64
1170.0,Very Low Birth Weight (VLBW),Very High,3.64
1170.0,Very Low Birth Weight (VLBW),Very High,3.64
1170.0,Very Low Birth Weight (VLBW),Very High,3.64
1170.0,Very Low Birth Weight (VLBW),Very High,3.64
1170.0,Very Low Birth Weight (VLBW),Very High,3.64
1170.0,Very Low Birth Weight (VLBW),Very High,3.64
1170.0,Very Low Birth Weight (VLBW),Very High,3.64
1168.0,Very Low Birth Weight (VLBW),Very High,3.65
1165.0,Very Low Birth Weight (VLBW),Very High,3.65
1165.0,Very Low Birth Weight (VLBW),Very High,3.65
1165.0,Very Low Birth Weight (VLBW),Very High,3.65
1165.0,Very Low Birth Weight (VLBW),Very High,3.65
1165.0,Very Low Birth Weight (VLBW),Very High,3.65
1165.0,Very Low Birth Weight (VLBW),Very High,3.65
1165.0,Very Low Birth Weight (VLBW),Very High,3.65
1165.0,Very Low Birth Weight (VLBW),Very High,3.65
1160.0,Very Low Birth Weight (VLBW),Very High,3.66
1160.0,Very Low Birth Weight (VLBW),Very High,3.66
1160.0,Very Low Birth Weight (VLBW),Very High,3.66
1160.0,Very Low Birth Weight (VLBW),Very High,3.66
1160.0,Very Low Birth Weight (VLBW),Very High,3.66
1160.0,Very Low Birth Weight (VLBW),Very High,3.66
1160.0,Very Low Birth Weight (VLBW),Very High,3.66
1160.0,Very Low Birth Weight (VLBW),Very High,3.66
1160.0,Very Low Birth Weight (VLBW),Very High,3.66
1160.0,Very Low Birth Weight (VLBW),Very High,3.66
1160.0,Very Low Birth Weight (VLBW),Very High,3.66
1160.0,Very Low Birth Weight (VLBW),Very High,3.66
1160.0,Very Low Birth Weight (VLBW),Very High,3.66
1160.0,Very Low Birth Weight (VLBW),Very High,3.66
1160.0,Very Low Birth Weight (VLBW),Very High,3.66
1160.0,Very Low Birth Weight (VLBW),Very High,3.66
1160.0,Very Low Birth Weight (VLBW),Very High,3.66
1160.0,Very Low Birth Weight (VLBW),Very High,3.66
1160.0,Very Low Birth Weight (VLBW),Very High,3.66
1155.0,Very Low Birth Weight (VLBW),Very High,3.67
1155.0,Very Low Birth Weight (VLBW),Very High,3.67
1155.0,Very Low Birth Weight (VLBW),Very High,3.67
1151.0,Very Low Birth Weight (VLBW),Very High,3.68
1150.0,Very Low Birth Weight (VLBW),Very High,3.68
1150.0,Very Low Birth Weight (VLBW),Very High,3.68
1150.0,Very Low Birth Weight (VLBW),Very High,3.68
1150.0,Very Low Birth Weight (VLBW),Very High,3.68
1150.0,Very Low Birth Weight (VLBW),Very High,3.68
1150.0,Very Low Birth Weight (VLBW),Very High,3.68
1150.0,Very Low Birth Weight (VLBW),Very High,3.68
1150.0,Very Low Birth Weight (VLBW),Very High,3.68
1150.0,Very Low Birth Weight (VLBW),Very High,3.68
1150.0,Very Low Birth Weight (VLBW),Very High,3.68
1150.0,Very Low Birth Weight (VLBW),Very High,3.68
1150.0,Very Low Birth Weight (VLBW),Very High,3.68
1150.0,Very Low Birth Weight (VLBW),Very High,3.68
1150.0,Very Low Birth Weight (VLBW),Very High,3.68
1150.0,Very Low Birth Weight (VLBW),Very High,3.68
1150.0,Very Low Birth Weight (VLBW),Very High,3.68
1150.0,Very Low Birth Weight (VLBW),Very High,3.68
1150.0,Very Low Birth Weight (VLBW),Very High,3.68
1150.0,Very Low Birth Weight (VLBW),Very High,3.68
1150.0,Very Low Birth Weight (VLBW),Very High,3.68
1150.0,Very Low Birth Weight (VLBW),Very High,3.68
1150.0,Very Low Birth Weight (VLBW),Very High,3.68
1150.0,Very Low Birth Weight (VLBW),Very High,3.68
1150.0,Very Low Birth Weight (VLBW),Very High,3.68
1150.0,Very Low Birth Weight (VLBW),Very High,3.68
1150.0,Very Low Birth Weight (VLBW),Very High,3.68
1150.0,Very Low Birth Weight (VLBW),Very High,3.68
1150.0,Very Low Birth Weight (VLBW),Very High,3.68
1150.0,Very Low Birth Weight (VLBW),Very High,3.68
1150.0,Very Low Birth Weight (VLBW),Very High,3.68
1150.0,Very Low Birth Weight (VLBW),Very High,3.68
1150.0,Very Low Birth Weight (VLBW),Very High,3.68
1150.0,Very Low Birth Weight (VLBW),Very High,3.68
1150.0,Very Low Birth Weight (VLBW),Very High,3.68
1150.0,Very Low Birth Weight (VLBW),Very High,3.68
1150.0,Very Low Birth Weight (VLBW),Very High,3.68
1145.0,Very Low Birth Weight (VLBW),Very High,3.69
1145.0,Very Low Birth Weight (VLBW),Very High,3.69
1145.0,Very Low Birth Weight (VLBW),Very High,3.69
1145.0,Very Low Birth Weight (VLBW),Very High,3.69
1145.0,Very Low Birth Weight (VLBW),Very High,3.69
1140.0,Very Low Birth Weight (VLBW),Very High,3.7
1140.0,Very Low Birth Weight (VLBW),Very High,3.7
1140.0,Very Low Birth Weight (VLBW),Very High,3.7
1140.0,Very Low Birth Weight (VLBW),Very High,3.7
1140.0,Very Low Birth Weight (VLBW),Very High,3.7
1140.0,Very Low Birth Weight (VLBW),Very High,3.7
1140.0,Very Low Birth Weight (VLBW),Very High,3.7
1140.0,Very Low Birth Weight (VLBW),Very High,3.7
1140.0,Very Low Birth Weight (VLBW),Very High,3.7
1140.0,Very Low Birth Weight (VLBW),Very High,3.7
1140.0,Very Low Birth Weight (VLBW),Very High,3.7
1140.0,Very Low Birth Weight (VLBW),Very High,3.7
1140.0,Very Low Birth Weight (VLBW),Very High,3.7
1140.0,Very Low Birth Weight (VLBW),Very High,3.7
1140.0,Very Low Birth Weight (VLBW),Very High,3.7
1140.0,Very Low Birth Weight (VLBW),Very High,3.7
1140.0,Very Low Birth Weight (VLBW),Very High,3.7
1135.0,Very Low Birth Weight (VLBW),Very High,3.71
1133.0,Very Low Birth Weight (VLBW),Very High,3.72
1132.0,Very Low Birth Weight (VLBW),Very High,3.72
1130.0,Very Low Birth Weight (VLBW),Very High,3.73
1130.0,Very Low Birth Weight (VLBW),Very High,3.73
1130.0,Very Low Birth Weight (VLBW),Very High,3.73
1130.0,Very Low Birth Weight (VLBW),Very High,3.73
1130.0,Very Low Birth Weight (VLBW),Very High,3.73
1130.0,Very Low Birth Weight (VLBW),Very High,3.73
1130.0,Very Low Birth Weight (VLBW),Very High,3.73
1130.0,Very Low Birth Weight (VLBW),Very High,3.73
1130.0,Very Low Birth Weight (VLBW),Very High,3.73
1130.0,Very Low Birth Weight (VLBW),Very High,3.73
1130.0,Very Low Birth Weight (VLBW),Very High,3.73
1130.0,Very Low Birth Weight (VLBW),Very High,3.73
1130.0,Very Low Birth Weight (VLBW),Very High,3.73
1130.0,Very Low Birth Weight (VLBW),Very High,3.73
1130.0,Very Low Birth Weight (VLBW),Very High,3.73
1130.0,Very Low Birth Weight (VLBW),Very High,3.73
1130.0,Very Low Birth Weight (VLBW),Very High,3.73
1130.0,Very Low Birth Weight (VLBW),Very High,3.73
1130.0,Very Low Birth Weight (VLBW),Very High,3.73
1130.0,Very Low Birth Weight (VLBW),Very High,3.73
1130.0,Very Low Birth Weight (VLBW),Very High,3.73
1125.0,Very Low Birth Weight (VLBW),Very High,3.74
1125.0,Very Low Birth Weight (VLBW),Very High,3.74
1125.0,Very Low Birth Weight (VLBW),Very High,3.74
1125.0,Very Low Birth Weight (VLBW),Very High,3.74
1125.0,Very Low Birth Weight (VLBW),Very High,3.74
1125.0,Very Low Birth Weight (VLBW),Very High,3.74
1125.0,Very Low Birth Weight (VLBW),Very High,3.74
1125.0,Very Low Birth Weight (VLBW),Very High,3.74
1124.0,Very Low Birth Weight (VLBW),Very High,3.74
1122.0,Very Low Birth Weight (VLBW),Very High,3.74
1120.0,Very Low Birth Weight (VLBW),Very High,3.75
1120.0,Very Low Birth Weight (VLBW),Very High,3.75
1120.0,Very Low Birth Weight (VLBW),Very High,3.75
1120.0,Very Low Birth Weight (VLBW),Very High,3.75
1120.0,Very Low Birth Weight (VLBW),Very High,3.75
1120.0,Very Low Birth Weight (VLBW),Very High,3.75
1120.0,Very Low Birth Weight (VLBW),Very High,3.75
1120.0,Very Low Birth Weight (VLBW),Very High,3.75
1120.0,Very Low Birth Weight (VLBW),Very High,3.75
1120.0,Very Low Birth Weight (VLBW),Very High,3.75
1120.0,Very Low Birth Weight (VLBW),Very High,3.75
1120.0,Very Low Birth Weight (VLBW),Very High,3.75
1120.0,Very Low Birth Weight (VLBW),Very High,3.75
1120.0,Very Low Birth Weight (VLBW),Very High,3.75
1120.0,Very Low Birth Weight (VLBW),Very High,3.75
1120.0,Very Low Birth Weight (VLBW),Very High,3.75
1120.0,Very Low Birth Weight (VLBW),Very High,3.75
1120.0,Very Low Birth Weight (VLBW),Very High,3.75
1120.0,Very Low Birth Weight (VLBW),Very High,3.75
1120.0,Very Low Birth Weight (VLBW),Very High,3.75
1120.0,Very Low Birth Weight (VLBW),Very High,3.75
1120.0,Very Low Birth Weight (VLBW),Very High,3.75
1115.0,Very Low Birth Weight (VLBW),Very High,3.76
1115.0,Very Low Birth Weight (VLBW),Very High,3.76
1115.0,Very Low Birth Weight (VLBW),Very High,3.76
1115.0,Very Low Birth Weight (VLBW),Very High,3.76
1110.0,Very Low Birth Weight (VLBW),Very High,3.77
1110.0,Very Low Birth Weight (VLBW),Very High,3.77
1110.0,Very Low Birth Weight (VLBW),Very High,3.77
1110.0,Very Low Birth Weight (VLBW),Very High,3.77
1110.0,Very Low Birth Weight (VLBW),Very High,3.77
1110.0,Very Low Birth Weight (VLBW),Very High,3.77
1110.0,Very Low Birth Weight (VLBW),Very High,3.77
1110.0,Very Low Birth Weight (VLBW),Very High,3.77
1110.0,Very Low Birth Weight (VLBW),Very High,3.77
1110.0,Very Low Birth Weight (VLBW),Very High,3.77
1110.0,Very Low Birth Weight (VLBW),Very High,3.77
1110.0,Very Low Birth Weight (VLBW),Very High,3.77
1110.0,Very Low Birth Weight (VLBW),Very High,3.77
1110.0,Very Low Birth Weight (VLBW),Very High,3.77
1110.0,Very Low Birth Weight (VLBW),Very High,3.77
1106.0,Very Low Birth Weight (VLBW),Very High,3.78
1106.0,Very Low Birth Weight (VLBW),Very High,3.78
1100.0,Very Low Birth Weight (VLBW),Very High,3.79
1100.0,Very Low Birth Weight (VLBW),Very High,3.79
1100.0,Very Low Birth Weight (VLBW),Very High,3.79
1100.0,Very Low Birth Weight (VLBW),Very High,3.79
1100.0,Very Low Birth Weight (VLBW),Very High,3.79
1100.0,Very Low Birth Weight (VLBW),Very High,3.79
1100.0,Very Low Birth Weight (VLBW),Very High,3.79
1100.0,Very Low Birth Weight (VLBW),Very High,3.79
1100.0,Very Low Birth Weight (VLBW),Very High,3.79
1100.0,Very Low Birth Weight (VLBW),Very High,3.79
1100.0,Very Low Birth Weight (VLBW),Very High,3.79
1100.0,Very Low Birth Weight (VLBW),Very High,3.79
1100.0,Very Low Birth Weight (VLBW),Very High,3.79
1100.0,Very Low Birth Weight (VLBW),Very High,3.79
1100.0,Very Low Birth Weight (VLBW),Very High,3.79
1100.0,Very Low Birth Weight (VLBW),Very High,3.79
1100.0,Very Low Birth Weight (VLBW),Very High,3.79
1100.0,Very Low Birth Weight (VLBW),Very High,3.79
1100.0,Very Low Birth Weight (VLBW),Very High,3.79
1100.0,Very Low Birth Weight (VLBW),Very High,3.79
1100.0,Very Low Birth Weight (VLBW),Very High,3.79
1100.0,Very Low Birth Weight (VLBW),Very High,3.79
1100.0,Very Low Birth Weight (VLBW),Very High,3.79
1100.0,Very Low Birth Weight (VLBW),Very High,3.79
1100.0,Very Low Birth Weight (VLBW),Very High,3.79
1100.0,Very Low Birth Weight (VLBW),Very High,3.79
1100.0,Very Low Birth Weight (VLBW),Very High,3.79
1100.0,Very Low Birth Weight (VLBW),Very High,3.79
1100.0,Very Low Birth Weight (VLBW),Very High,3.79
1100.0,Very Low Birth Weight (VLBW),Very High,3.79
1100.0,Very Low Birth Weight (VLBW),Very High,3.79
1100.0,Very Low Birth Weight (VLBW),Very High,3.79
1100.0,Very Low Birth Weight (VLBW),Very High,3.79
1100.0,Very Low Birth Weight (VLBW),Very High,3.79
1100.0,Very Low Birth Weight (VLBW),Very High,3.79
1100.0,Very Low Birth Weight (VLBW),Very High,3.79
1100.0,Very Low Birth Weight (VLBW),Very High,3.79
1100.0,Very Low Birth Weight (VLBW),Very High,3.79
1100.0,Very Low Birth Weight (VLBW),Very High,3.79
1100.0,Very Low Birth Weight (VLBW),Very High,3.79
1100.0,Very Low Birth Weight (VLBW),Very High,3.79
1100.0,Very Low Birth Weight (VLBW),Very High,3.79
1100.0,Very Low Birth Weight (VLBW),Very High,3.79
1100.0,Very Low Birth Weight (VLBW),Very High,3.79
1100.0,Very Low Birth Weight (VLBW),Very High,3.79
1100.0,Very Low Birth Weight (VLBW),Very High,3.79
1100.0,Very Low Birth Weight (VLBW),Very High,3.79
1100.0,Very Low Birth Weight (VLBW),Very High,3.79
1100.0,Very Low Birth Weight (VLBW),Very High,3.79
1100.0,Very Low Birth Weight (VLBW),Very High,3.79
1100.0,Very Low Birth Weight (VLBW),Very High,3.79
1100.0,Very Low Birth Weight (VLBW),Very High,3.79
1100.0,Very Low Birth Weight (VLBW),Very High,3.79
1100.0,Very Low Birth Weight (VLBW),Very High,3.79
1100.0,Very Low Birth Weight (VLBW),Very High,3.79
1100.0,Very Low Birth Weight (VLBW),Very High,3.79
1100.0,Very Low Birth Weight (VLBW),Very High,3.79
1100.0,Very Low Birth Weight (VLBW),Very High,3.79
1100.0,Very Low Birth Weight (VLBW),Very High,3.79
1100.0,Very Low Birth Weight (VLBW),Very High,3.79
1100.0,Very Low Birth Weight (VLBW),Very High,3.79
1100.0,Very Low Birth Weight (VLBW),Very High,3.79
1100.0,Very Low Birth Weight (VLBW),Very High,3.79
1100.0,Very Low Birth Weight (VLBW),Very High,3.79
1100.0,Very Low Birth Weight (VLBW),Very High,3.79
1100.0,Very Low Birth Weight (VLBW),Very High,3.79
1100.0,Very Low Birth Weight (VLBW),Very High,3.79
1100.0,Very Low Birth Weight (VLBW),Very High,3.79
1100.0,Very Low Birth Weight (VLBW),Very High,3.79
1100.0,Very Low Birth Weight (VLBW),Very High,3.79
1100.0,Very Low Birth Weight (VLBW),Very High,3.79
1100.0,Very Low Birth Weight (VLBW),Very High,3.79
1100.0,Very Low Birth Weight (VLBW),Very High,3.79
1100.0,Very Low Birth Weight (VLBW),Very High,3.79
1100.0,Very Low Birth Weight (VLBW),Very High,3.79
1098.0,Very Low Birth Weight (VLBW),Very High,3.79
1095.0,Very Low Birth Weight (VLBW),Very High,3.8
1095.0,Very Low Birth Weight (VLBW),Very High,3.8
1095.0,Very Low Birth Weight (VLBW),Very High,3.8
1095.0,Very Low Birth Weight (VLBW),Very High,3.8
1095.0,Very Low Birth Weight (VLBW),Very High,3.8
1094.0,Very Low Birth Weight (VLBW),Very High,3.8
1092.0,Very Low Birth Weight (VLBW),Very High,3.8
1090.0,Very Low Birth Weight (VLBW),Very High,3.81
1090.0,Very Low Birth Weight (VLBW),Very High,3.81
1090.0,Very Low Birth Weight (VLBW),Very High,3.81
1090.0,Very Low Birth Weight (VLBW),Very High,3.81
1090.0,Very Low Birth Weight (VLBW),Very High,3.81
1090.0,Very Low Birth Weight (VLBW),Very High,3.81
1090.0,Very Low Birth Weight (VLBW),Very High,3.81
1090.0,Very Low Birth Weight (VLBW),Very High,3.81
1090.0,Very Low Birth Weight (VLBW),Very High,3.81
1090.0,Very Low Birth Weight (VLBW),Very High,3.81
1090.0,Very Low Birth Weight (VLBW),Very High,3.81
1088.0,Very Low Birth Weight (VLBW),Very High,3.81
1085.0,Very Low Birth Weight (VLBW),Very High,3.82
1085.0,Very Low Birth Weight (VLBW),Very High,3.82
1085.0,Very Low Birth Weight (VLBW),Very High,3.82
1085.0,Very Low Birth Weight (VLBW),Very High,3.82
1085.0,Very Low Birth Weight (VLBW),Very High,3.82
1080.0,Very Low Birth Weight (VLBW),Very High,3.83
1080.0,Very Low Birth Weight (VLBW),Very High,3.83
1080.0,Very Low Birth Weight (VLBW),Very High,3.83
1080.0,Very Low Birth Weight (VLBW),Very High,3.83
1080.0,Very Low Birth Weight (VLBW),Very High,3.83
1080.0,Very Low Birth Weight (VLBW),Very High,3.83
1080.0,Very Low Birth Weight (VLBW),Very High,3.83
1080.0,Very Low Birth Weight (VLBW),Very High,3.83
1080.0,Very Low Birth Weight (VLBW),Very High,3.83
1080.0,Very Low Birth Weight (VLBW),Very High,3.83
1080.0,Very Low Birth Weight (VLBW),Very High,3.83
1080.0,Very Low Birth Weight (VLBW),Very High,3.83
1080.0,Very Low Birth Weight (VLBW),Very High,3.83
1080.0,Very Low Birth Weight (VLBW),Very High,3.83
1080.0,Very Low Birth Weight (VLBW),Very High,3.83
1080.0,Very Low Birth Weight (VLBW),Very High,3.83
1080.0,Very Low Birth Weight (VLBW),Very High,3.83
1080.0,Very Low Birth Weight (VLBW),Very High,3.83
1080.0,Very Low Birth Weight (VLBW),Very High,3.83
1077.0,Very Low Birth Weight (VLBW),Very High,3.84
1075.0,Very Low Birth Weight (VLBW),Very High,3.84
1075.0,Very Low Birth Weight (VLBW),Very High,3.84
1075.0,Very Low Birth Weight (VLBW),Very High,3.84
1075.0,Very Low Birth Weight (VLBW),Very High,3.84
1070.0,Very Low Birth Weight (VLBW),Very High,3.85
1070.0,Very Low Birth Weight (VLBW),Very High,3.85
1070.0,Very Low Birth Weight (VLBW),Very High,3.85
1070.0,Very Low Birth Weight (VLBW),Very High,3.85
1070.0,Very Low Birth Weight (VLBW),Very High,3.85
1070.0,Very Low Birth Weight (VLBW),Very High,3.85
1070.0,Very Low Birth Weight (VLBW),Very High,3.85
1070.0,Very Low Birth Weight (VLBW),Very High,3.85
1070.0,Very Low Birth Weight (VLBW),Very High,3.85
1070.0,Very Low Birth Weight (VLBW),Very High,3.85
1070.0,Very Low Birth Weight (VLBW),Very High,3.85
1070.0,Very Low Birth Weight (VLBW),Very High,3.85
1069.0,Very Low Birth Weight (VLBW),Very High,3.85
1065.0,Very Low Birth Weight (VLBW),Very High,3.86
1065.0,Very Low Birth Weight (VLBW),Very High,3.86
1060.0,Very Low Birth Weight (VLBW),Very High,3.87
1060.0,Very Low Birth Weight (VLBW),Very High,3.87
1060.0,Very Low Birth Weight (VLBW),Very High,3.87
1060.0,Very Low Birth Weight (VLBW),Very High,3.87
1060.0,Very Low Birth Weight (VLBW),Very High,3.87
1060.0,Very Low Birth Weight (VLBW),Very High,3.87
1060.0,Very Low Birth Weight (VLBW),Very High,3.87
1060.0,Very Low Birth Weight (VLBW),Very High,3.87
1060.0,Very Low Birth Weight (VLBW),Very High,3.87
1060.0,Very Low Birth Weight (VLBW),Very High,3.87
1060.0,Very Low Birth Weight (VLBW),Very High,3.87
1060.0,Very Low Birth Weight (VLBW),Very High,3.87
1060.0,Very Low Birth Weight (VLBW),Very High,3.87
1058.0,Very Low Birth Weight (VLBW),Very High,3.88
1055.0,Very Low Birth Weight (VLBW),Very High,3.88
1055.0,Very Low Birth Weight (VLBW),Very High,3.88
1054.0,Very Low Birth Weight (VLBW),Very High,3.88
1052.0,Very Low Birth Weight (VLBW),Very High,3.89
1050.0,Very Low Birth Weight (VLBW),Very High,3.89
1050.0,Very Low Birth Weight (VLBW),Very High,3.89
1050.0,Very Low Birth Weight (VLBW),Very High,3.89
1050.0,Very Low Birth Weight (VLBW),Very High,3.89
1050.0,Very Low Birth Weight (VLBW),Very High,3.89
1050.0,Very Low Birth Weight (VLBW),Very High,3.89
1050.0,Very Low Birth Weight (VLBW),Very High,3.89
1050.0,Very Low Birth Weight (VLBW),Very High,3.89
1050.0,Very Low Birth Weight (VLBW),Very High,3.89
1050.0,Very Low Birth Weight (VLBW),Very High,3.89
1050.0,Very Low Birth Weight (VLBW),Very High,3.89
1050.0,Very Low Birth Weight (VLBW),Very High,3.89
1050.0,Very Low Birth Weight (VLBW),Very High,3.89
1050.0,Very Low Birth Weight (VLBW),Very High,3.89
1050.0,Very Low Birth Weight (VLBW),Very High,3.89
1050.0,Very Low Birth Weight (VLBW),Very High,3.89
1050.0,Very Low Birth Weight (VLBW),Very High,3.89
1050.0,Very Low Birth Weight (VLBW),Very High,3.89
1050.0,Very Low Birth Weight (VLBW),Very High,3.89
1050.0,Very Low Birth Weight (VLBW),Very High,3.89
1048.0,Very Low Birth Weight (VLBW),Very High,3.9
1046.0,Very Low Birth Weight (VLBW),Very High,3.9
1045.0,Very Low Birth Weight (VLBW),Very High,3.9
1045.0,Very Low Birth Weight (VLBW),Very High,3.9
1045.0,Very Low Birth Weight (VLBW),Very High,3.9
1045.0,Very Low Birth Weight (VLBW),Very High,3.9
1040.0,Very Low Birth Weight (VLBW),Very High,3.91
1040.0,Very Low Birth Weight (VLBW),Very High,3.91
1040.0,Very Low Birth Weight (VLBW),Very High,3.91
1040.0,Very Low Birth Weight (VLBW),Very High,3.91
1040.0,Very Low Birth Weight (VLBW),Very High,3.91
1040.0,Very Low Birth Weight (VLBW),Very High,3.91
1040.0,Very Low Birth Weight (VLBW),Very High,3.91
1040.0,Very Low Birth Weight (VLBW),Very High,3.91
1040.0,Very Low Birth Weight (VLBW),Very High,3.91
1040.0,Very Low Birth Weight (VLBW),Very High,3.91
1040.0,Very Low Birth Weight (VLBW),Very High,3.91
1040.0,Very Low Birth Weight (VLBW),Very High,3.91
1040.0,Very Low Birth Weight (VLBW),Very High,3.91
1040.0,Very Low Birth Weight (VLBW),Very High,3.91
1040.0,Very Low Birth Weight (VLBW),Very High,3.91
1040.0,Very Low Birth Weight (VLBW),Very High,3.91
1039.0,Very Low Birth Weight (VLBW),Very High,3.91
1035.0,Very Low Birth Weight (VLBW),Very High,3.92
1035.0,Very Low Birth Weight (VLBW),Very High,3.92
1035.0,Very Low Birth Weight (VLBW),Very High,3.92
1030.0,Very Low Birth Weight (VLBW),Very High,3.93
1030.0,Very Low Birth Weight (VLBW),Very High,3.93
1030.0,Very Low Birth Weight (VLBW),Very High,3.93
1030.0,Very Low Birth Weight (VLBW),Very High,3.93
1030.0,Very Low Birth Weight (VLBW),Very High,3.93
1030.0,Very Low Birth Weight (VLBW),Very High,3.93
1030.0,Very Low Birth Weight (VLBW),Very High,3.93
1030.0,Very Low Birth Weight (VLBW),Very High,3.93
1030.0,Very Low Birth Weight (VLBW),Very High,3.93
1030.0,Very Low Birth Weight (VLBW),Very High,3.93
1030.0,Very Low Birth Weight (VLBW),Very High,3.93
1030.0,Very Low Birth Weight (VLBW),Very High,3.93
1030.0,Very Low Birth Weight (VLBW),Very High,3.93
1030.0,Very Low Birth Weight (VLBW),Very High,3.93
1030.0,Very Low Birth Weight (VLBW),Very High,3.93
1030.0,Very Low Birth Weight (VLBW),Very High,3.93
1030.0,Very Low Birth Weight (VLBW),Very High,3.93
1030.0,Very Low Birth Weight (VLBW),Very High,3.93
1030.0,Very Low Birth Weight (VLBW),Very High,3.93
1029.0,Very Low Birth Weight (VLBW),Very High,3.94
1028.0,Very Low Birth Weight (VLBW),Very High,3.94
1026.0,Very Low Birth Weight (VLBW),Very High,3.94
1025.0,Very Low Birth Weight (VLBW),Very High,3.94
1025.0,Very Low Birth Weight (VLBW),Very High,3.94
1025.0,Very Low Birth Weight (VLBW),Very High,3.94
1025.0,Very Low Birth Weight (VLBW),Very High,3.94
1023.0,Very Low Birth Weight (VLBW),Very High,3.95
1021.0,Very Low Birth Weight (VLBW),Very High,3.95
1020.0,Very Low Birth Weight (VLBW),Very High,3.95
1020.0,Very Low Birth Weight (VLBW),Very High,3.95
1020.0,Very Low Birth Weight (VLBW),Very High,3.95
1020.0,Very Low Birth Weight (VLBW),Very High,3.95
1020.0,Very Low Birth Weight (VLBW),Very High,3.95
1020.0,Very Low Birth Weight (VLBW),Very High,3.95
1020.0,Very Low Birth Weight (VLBW),Very High,3.95
1020.0,Very Low Birth Weight (VLBW),Very High,3.95
1020.0,Very Low Birth Weight (VLBW),Very High,3.95
1020.0,Very Low Birth Weight (VLBW),Very High,3.95
1020.0,Very Low Birth Weight (VLBW),Very High,3.95
1020.0,Very Low Birth Weight (VLBW),Very High,3.95
1020.0,Very Low Birth Weight (VLBW),Very High,3.95
1020.0,Very Low Birth Weight (VLBW),Very High,3.95
1020.0,Very Low Birth Weight (VLBW),Very High,3.95
1020.0,Very Low Birth Weight (VLBW),Very High,3.95
1019.0,Very Low Birth Weight (VLBW),Very High,3.96
1018.0,Very Low Birth Weight (VLBW),Very High,3.96
1016.0,Very Low Birth Weight (VLBW),Very High,3.96
1016.0,Very Low Birth Weight (VLBW),Very High,3.96
1015.0,Very Low Birth Weight (VLBW),Very High,3.96
1015.0,Very Low Birth Weight (VLBW),Very High,3.96
1015.0,Very Low Birth Weight (VLBW),Very High,3.96
1015.0,Very Low Birth Weight (VLBW),Very High,3.96
1011.0,Very Low Birth Weight (VLBW),Very High,3.97
1011.0,Very Low Birth Weight (VLBW),Very High,3.97
1011.0,Very Low Birth Weight (VLBW),Very High,3.97
1010.0,Very Low Birth Weight (VLBW),Very High,3.98
1010.0,Very Low Birth Weight (VLBW),Very High,3.98
1010.0,Very Low Birth Weight (VLBW),Very High,3.98
1010.0,Very Low Birth Weight (VLBW),Very High,3.98
1010.0,Very Low Birth Weight (VLBW),Very High,3.98
1010.0,Very Low Birth Weight (VLBW),Very High,3.98
1010.0,Very Low Birth Weight (VLBW),Very High,3.98
1010.0,Very Low Birth Weight (VLBW),Very High,3.98
1010.0,Very Low Birth Weight (VLBW),Very High,3.98
1009.0,Very Low Birth Weight (VLBW),Very High,3.98
1009.0,Very Low Birth Weight (VLBW),Very High,3.98
1009.0,Very Low Birth Weight (VLBW),Very High,3.98
1008.0,Very Low Birth Weight (VLBW),Very High,3.98
1008.0,Very Low Birth Weight (VLBW),Very High,3.98
1008.0,Very Low Birth Weight (VLBW),Very High,3.98
1007.0,Very Low Birth Weight (VLBW),Very High,3.98
1007.0,Very Low Birth Weight (VLBW),Very High,3.98
1007.0,Very Low Birth Weight (VLBW),Very High,3.98
1007.0,Very Low Birth Weight (VLBW),Very High,3.98
1006.0,Very Low Birth Weight (VLBW),Very High,3.98
1006.0,Very Low Birth Weight (VLBW),Very High,3.98
1006.0,Very Low Birth Weight (VLBW),Very High,3.98
1005.0,Very Low Birth Weight (VLBW),Very High,3.99
1005.0,Very Low Birth Weight (VLBW),Very High,3.99
1005.0,Very Low Birth Weight (VLBW),Very High,3.99
1005.0,Very Low Birth Weight (VLBW),Very High,3.99
1005.0,Very Low Birth Weight (VLBW),Very High,3.99
1005.0,Very Low Birth Weight (VLBW),Very High,3.99
1005.0,Very Low Birth Weight (VLBW),Very High,3.99
1004.0,Very Low Birth Weight (VLBW),Very High,3.99
1003.0,Very Low Birth Weight (VLBW),Very High,3.99
1003.0,Very Low Birth Weight (VLBW),Very High,3.99
1003.0,Very Low Birth Weight (VLBW),Very High,3.99
1003.0,Very Low Birth Weight (VLBW),Very High,3.99
1002.0,Very Low Birth Weight (VLBW),Very High,3.99
1002.0,Very Low Birth Weight (VLBW),Very High,3.99
1002.0,Very Low Birth Weight (VLBW),Very High,3.99
1002.0,Very Low Birth Weight (VLBW),Very High,3.99
1001.0,Very Low Birth Weight (VLBW),Very High,3.99
1001.0,Very Low Birth Weight (VLBW),Very High,3.99
1001.0,Very Low Birth Weight (VLBW),Very High,3.99
1000.0,Very Low Birth Weight (VLBW),Very High,4.0
1000.0,Very Low Birth Weight (VLBW),Very High,4.0
1000.0,Very Low Birth Weight (VLBW),Very High,4.0
1000.0,Very Low Birth Weight (VLBW),Very High,4.0
1000.0,Very Low Birth Weight (VLBW),Very High,4.0
1000.0,Very Low Birth Weight (VLBW),Very High,4.0
1000.0,Very Low Birth Weight (VLBW),Very High,4.0
1000.0,Very Low Birth Weight (VLBW),Very High,4.0
1000.0,Very Low Birth Weight (VLBW),Very High,4.0
1000.0,Very Low Birth Weight (VLBW),Very High,4.0
1000.0,Very Low Birth Weight (VLBW),Very High,4.0
1000.0,Very Low Birth Weight (VLBW),Very High,4.0
1000.0,Very Low Birth Weight (VLBW),Very High,4.0
1000.0,Very Low Birth Weight (VLBW),Very High,4.0
1000.0,Very Low Birth Weight (VLBW),Very High,4.0
1000.0,Very Low Birth Weight (VLBW),Very High,4.0
1000.0,Very Low Birth Weight (VLBW),Very High,4.0
1000.0,Very Low Birth Weight (VLBW),Very High,4.0
1000.0,Very Low Birth Weight (VLBW),Very High,4.0
1000.0,Very Low Birth Weight (VLBW),Very High,4.0
1000.0,Very Low Birth Weight (VLBW),Very High,4.0
1000.0,Very Low Birth Weight (VLBW),Very High,4.0
1000.0,Very Low Birth Weight (VLBW),Very High,4.0
1000.0,Very Low Birth Weight (VLBW),Very High,4.0
1000.0,Very Low Birth Weight (VLBW),Very High,4.0
1000.0,Very Low Birth Weight (VLBW),Very High,4.0
1000.0,Very Low Birth Weight (VLBW),Very High,4.0
1000.0,Very Low Birth Weight (VLBW),Very High,4.0
1000.0,Very Low Birth Weight (VLBW),Very High,4.0
1000.0,Very Low Birth Weight (VLBW),Very High,4.0
1000.0,Very Low Birth Weight (VLBW),Very High,4.0
1000.0,Very Low Birth Weight (VLBW),Very High,4.0
1000.0,Very Low Birth Weight (VLBW),Very High,4.0
1000.0,Very Low Birth Weight (VLBW),Very High,4.0
1000.0,Very Low Birth Weight (VLBW),Very High,4.0
1000.0,Very Low Birth Weight (VLBW),Very High,4.0
1000.0,Very Low Birth Weight (VLBW),Very High,4.0
1000.0,Very Low Birth Weight (VLBW),Very High,4.0
1000.0,Very Low Birth Weight (VLBW),Very High,4.0
1000.0,Very Low Birth Weight (VLBW),Very High,4.0
1000.0,Very Low Birth Weight (VLBW),Very High,4.0
1000.0,Very Low Birth Weight (VLBW),Very High,4.0
1000.0,Very Low Birth Weight (VLBW),Very High,4.0
1000.0,Very Low Birth Weight (VLBW),Very High,4.0
1000.0,Very Low Birth Weight (VLBW),Very High,4.0
1000.0,Very Low Birth Weight (VLBW),Very High,4.0
1000.0,Very Low Birth Weight (VLBW),Very High,4.0
1000.0,Very Low Birth Weight (VLBW),Very High,4.0
1000.0,Very Low Birth Weight (VLBW),Very High,4.0
1000.0,Very Low Birth Weight (VLBW),Very High,4.0
1000.0,Very Low Birth Weight (VLBW),Very High,4.0
1000.0,Very Low Birth Weight (VLBW),Very High,4.0
1000.0,Very Low Birth Weight (VLBW),Very High,4.0
1000.0,Very Low Birth Weight (VLBW),Very High,4.0
1000.0,Very Low Birth Weight (VLBW),Very High,4.0
1000.0,Very Low Birth Weight (VLBW),Very High,4.0
1000.0,Very Low Birth Weight (VLBW),Very High,4.0
1000.0,Very Low Birth Weight (VLBW),Very High,4.0
995.0,Extremely Low Birth Weight (ELBW),Critical,4.01
995.0,Extremely Low Birth Weight (ELBW),Critical,4.01
990.0,Extremely Low Birth Weight (ELBW),Critical,4.02
990.0,Extremely Low Birth Weight (ELBW),Critical,4.02
990.0,Extremely Low Birth Weight (ELBW),Critical,4.02
990.0,Extremely Low Birth Weight (ELBW),Critical,4.02
990.0,Extremely Low Birth Weight (ELBW),Critical,4.02
990.0,Extremely Low Birth Weight (ELBW),Critical,4.02
985.0,Extremely Low Birth Weight (ELBW),Critical,4.03
984.0,Extremely Low Birth Weight (ELBW),Critical,4.03
980.0,Extremely Low Birth Weight (ELBW),Critical,4.04
980.0,Extremely Low Birth Weight (ELBW),Critical,4.04
980.0,Extremely Low Birth Weight (ELBW),Critical,4.04
980.0,Extremely Low Birth Weight (ELBW),Critical,4.04
980.0,Extremely Low Birth Weight (ELBW),Critical,4.04
980.0,Extremely Low Birth Weight (ELBW),Critical,4.04
980.0,Extremely Low Birth Weight (ELBW),Critical,4.04
980.0,Extremely Low Birth Weight (ELBW),Critical,4.04
975.0,Extremely Low Birth Weight (ELBW),Critical,4.05
975.0,Extremely Low Birth Weight (ELBW),Critical,4.05
975.0,Extremely Low Birth Weight (ELBW),Critical,4.05
975.0,Extremely Low Birth Weight (ELBW),Critical,4.05
972.0,Extremely Low Birth Weight (ELBW),Critical,4.05
970.0,Extremely Low Birth Weight (ELBW),Critical,4.06
970.0,Extremely Low Birth Weight (ELBW),Critical,4.06
970.0,Extremely Low Birth Weight (ELBW),Critical,4.06
970.0,Extremely Low Birth Weight (ELBW),Critical,4.06
970.0,Extremely Low Birth Weight (ELBW),Critical,4.06
970.0,Extremely Low Birth Weight (ELBW),Critical,4.06
970.0,Extremely Low Birth Weight (ELBW),Critical,4.06
970.0,Extremely Low Birth Weight (ELBW),Critical,4.06
965.0,Extremely Low Birth Weight (ELBW),Critical,4.07
960.0,Extremely Low Birth Weight (ELBW),Critical,4.08
960.0,Extremely Low Birth Weight (ELBW),Critical,4.08
960.0,Extremely Low Birth Weight (ELBW),Critical,4.08
960.0,Extremely Low Birth Weight (ELBW),Critical,4.08
960.0,Extremely Low Birth Weight (ELBW),Critical,4.08
960.0,Extremely Low Birth Weight (ELBW),Critical,4.08
955.0,Extremely Low Birth Weight (ELBW),Critical,4.09
955.0,Extremely Low Birth Weight (ELBW),Critical,4.09
955.0,Extremely Low Birth Weight (ELBW),Critical,4.09
955.0,Extremely Low Birth Weight (ELBW),Critical,4.09
955.0,Extremely Low Birth Weight (ELBW),Critical,4.09
955.0,Extremely Low Birth Weight (ELBW),Critical,4.09
954.0,Extremely Low Birth Weight (ELBW),Critical,4.09
950.0,Extremely Low Birth Weight (ELBW),Critical,4.1
950.0,Extremely Low Birth Weight (ELBW),Critical,4.1
950.0,Extremely Low Birth Weight (ELBW),Critical,4.1
950.0,Extremely Low Birth Weight (ELBW),Critical,4.1
950.0,Extremely Low Birth Weight (ELBW),Critical,4.1
950.0,Extremely Low Birth Weight (ELBW),Critical,4.1
950.0,Extremely Low Birth Weight (ELBW),Critical,4.1
950.0,Extremely Low Birth Weight (ELBW),Critical,4.1
950.0,Extremely Low Birth Weight (ELBW),Critical,4.1
950.0,Extremely Low Birth Weight (ELBW),Critical,4.1
950.0,Extremely Low Birth Weight (ELBW),Critical,4.1
950.0,Extremely Low Birth Weight (ELBW),Critical,4.1
950.0,Extremely Low Birth Weight (ELBW),Critical,4.1
950.0,Extremely Low Birth Weight (ELBW),Critical,4.1
950.0,Extremely Low Birth Weight (ELBW),Critical,4.1
950.0,Extremely Low Birth Weight (ELBW),Critical,4.1
950.0,Extremely Low Birth Weight (ELBW),Critical,4.1
950.0,Extremely Low Birth Weight (ELBW),Critical,4.1
950.0,Extremely Low Birth Weight (ELBW),Critical,4.1
950.0,Extremely Low Birth Weight (ELBW),Critical,4.1
950.0,Extremely Low Birth Weight (ELBW),Critical,4.1
950.0,Extremely Low Birth Weight (ELBW),Critical,4.1
950.0,Extremely Low Birth Weight (ELBW),Critical,4.1
945.0,Extremely Low Birth Weight (ELBW),Critical,4.11
945.0,Extremely Low Birth Weight (ELBW),Critical,4.11
943.0,Extremely Low Birth Weight (ELBW),Critical,4.11
940.0,Extremely Low Birth Weight (ELBW),Critical,4.12
940.0,Extremely Low Birth Weight (ELBW),Critical,4.12
940.0,Extremely Low Birth Weight (ELBW),Critical,4.12
940.0,Extremely Low Birth Weight (ELBW),Critical,4.12
940.0,Extremely Low Birth Weight (ELBW),Critical,4.12
940.0,Extremely Low Birth Weight (ELBW),Critical,4.12
940.0,Extremely Low Birth Weight (ELBW),Critical,4.12
940.0,Extremely Low Birth Weight (ELBW),Critical,4.12
935.0,Extremely Low Birth Weight (ELBW),Critical,4.13
935.0,Extremely Low Birth Weight (ELBW),Critical,4.13
935.0,Extremely Low Birth Weight (ELBW),Critical,4.13
935.0,Extremely Low Birth Weight (ELBW),Critical,4.13
935.0,Extremely Low Birth Weight (ELBW),Critical,4.13
930.0,Extremely Low Birth Weight (ELBW),Critical,4.14
930.0,Extremely Low Birth Weight (ELBW),Critical,4.14
930.0,Extremely Low Birth Weight (ELBW),Critical,4.14
930.0,Extremely Low Birth Weight (ELBW),Critical,4.14
930.0,Extremely Low Birth Weight (ELBW),Critical,4.14
930.0,Extremely Low Birth Weight (ELBW),Critical,4.14
930.0,Extremely Low Birth Weight (ELBW),Critical,4.14
930.0,Extremely Low Birth Weight (ELBW),Critical,4.14
930.0,Extremely Low Birth Weight (ELBW),Critical,4.14
930.0,Extremely Low Birth Weight (ELBW),Critical,4.14
930.0,Extremely Low Birth Weight (ELBW),Critical,4.14
930.0,Extremely Low Birth Weight (ELBW),Critical,4.14
925.0,Extremely Low Birth Weight (ELBW),Critical,4.15
925.0,Extremely Low Birth Weight (ELBW),Critical,4.15
925.0,Extremely Low Birth Weight (ELBW),Critical,4.15
922.0,Extremely Low Birth Weight (ELBW),Critical,4.16
915.0,Extremely Low Birth Weight (ELBW),Critical,4.17
915.0,Extremely Low Birth Weight (ELBW),Critical,4.17
911.0,Extremely Low Birth Weight (ELBW),Critical,4.18
910.0,Extremely Low Birth Weight (ELBW),Critical,4.18
910.0,Extremely Low Birth Weight (ELBW),Critical,4.18
910.0,Extremely Low Birth Weight (ELBW),Critical,4.18
910.0,Extremely Low Birth Weight (ELBW),Critical,4.18
910.0,Extremely Low Birth Weight (ELBW),Critical,4.18
910.0,Extremely Low Birth Weight (ELBW),Critical,4.18
910.0,Extremely Low Birth Weight (ELBW),Critical,4.18
910.0,Extremely Low Birth Weight (ELBW),Critical,4.18
910.0,Extremely Low Birth Weight (ELBW),Critical,4.18
910.0,Extremely Low Birth Weight (ELBW),Critical,4.18
905.0,Extremely Low Birth Weight (ELBW),Critical,4.19
905.0,Extremely Low Birth Weight (ELBW),Critical,4.19
905.0,Extremely Low Birth Weight (ELBW),Critical,4.19
900.0,Extremely Low Birth Weight (ELBW),Critical,4.2
900.0,Extremely Low Birth Weight (ELBW),Critical,4.2
900.0,Extremely Low Birth Weight (ELBW),Critical,4.2
900.0,Extremely Low Birth Weight (ELBW),Critical,4.2
900.0,Extremely Low Birth Weight (ELBW),Critical,4.2
900.0,Extremely Low Birth Weight (ELBW),Critical,4.2
900.0,Extremely Low Birth Weight (ELBW),Critical,4.2
900.0,Extremely Low Birth Weight (ELBW),Critical,4.2
900.0,Extremely Low Birth Weight (ELBW),Critical,4.2
900.0,Extremely Low Birth Weight (ELBW),Critical,4.2
900.0,Extremely Low Birth Weight (ELBW),Critical,4.2
900.0,Extremely Low Birth Weight (ELBW),Critical,4.2
900.0,Extremely Low Birth Weight (ELBW),Critical,4.2
900.0,Extremely Low Birth Weight (ELBW),Critical,4.2
900.0,Extremely Low Birth Weight (ELBW),Critical,4.2
900.0,Extremely Low Birth Weight (ELBW),Critical,4.2
900.0,Extremely Low Birth Weight (ELBW),Critical,4.2
900.0,Extremely Low Birth Weight (ELBW),Critical,4.2
900.0,Extremely Low Birth Weight (ELBW),Critical,4.2
900.0,Extremely Low Birth Weight (ELBW),Critical,4.2
900.0,Extremely Low Birth Weight (ELBW),Critical,4.2
900.0,Extremely Low Birth Weight (ELBW),Critical,4.2
900.0,Extremely Low Birth Weight (ELBW),Critical,4.2
900.0,Extremely Low Birth Weight (ELBW),Critical,4.2
900.0,Extremely Low Birth Weight (ELBW),Critical,4.2
900.0,Extremely Low Birth Weight (ELBW),Critical,4.2
900.0,Extremely Low Birth Weight (ELBW),Critical,4.2
900.0,Extremely Low Birth Weight (ELBW),Critical,4.2
895.0,Extremely Low Birth Weight (ELBW),Critical,4.21
895.0,Extremely Low Birth Weight (ELBW),Critical,4.21
891.0,Extremely Low Birth Weight (ELBW),Critical,4.22
890.0,Extremely Low Birth Weight (ELBW),Critical,4.23
890.0,Extremely Low Birth Weight (ELBW),Critical,4.23
890.0,Extremely Low Birth Weight (ELBW),Critical,4.23
890.0,Extremely Low Birth Weight (ELBW),Critical,4.23
886.0,Extremely Low Birth Weight (ELBW),Critical,4.23
886.0,Extremely Low Birth Weight (ELBW),Critical,4.23
885.0,Extremely Low Birth Weight (ELBW),Critical,4.24
885.0,Extremely Low Birth Weight (ELBW),Critical,4.24
880.0,Extremely Low Birth Weight (ELBW),Critical,4.25
880.0,Extremely Low Birth Weight (ELBW),Critical,4.25
880.0,Extremely Low Birth Weight (ELBW),Critical,4.25
870.0,Extremely Low Birth Weight (ELBW),Critical,4.27
870.0,Extremely Low Birth Weight (ELBW),Critical,4.27
870.0,Extremely Low Birth Weight (ELBW),Critical,4.27
870.0,Extremely Low Birth Weight (ELBW),Critical,4.27
865.0,Extremely Low Birth Weight (ELBW),Critical,4.28
865.0,Extremely Low Birth Weight (ELBW),Critical,4.28
864.0,Extremely Low Birth Weight (ELBW),Critical,4.28
860.0,Extremely Low Birth Weight (ELBW),Critical,4.29
860.0,Extremely Low Birth Weight (ELBW),Critical,4.29
860.0,Extremely Low Birth Weight (ELBW),Critical,4.29
855.0,Extremely Low Birth Weight (ELBW),Critical,4.3
855.0,Extremely Low Birth Weight (ELBW),Critical,4.3
850.0,Extremely Low Birth Weight (ELBW),Critical,4.31
850.0,Extremely Low Birth Weight (ELBW),Critical,4.31
850.0,Extremely Low Birth Weight (ELBW),Critical,4.31
850.0,Extremely Low Birth Weight (ELBW),Critical,4.31
850.0,Extremely Low Birth Weight (ELBW),Critical,4.31
850.0,Extremely Low Birth Weight (ELBW),Critical,4.31
850.0,Extremely Low Birth Weight (ELBW),Critical,4.31
850.0,Extremely Low Birth Weight (ELBW),Critical,4.31
850.0,Extremely Low Birth Weight (ELBW),Critical,4.31
850.0,Extremely Low Birth Weight (ELBW),Critical,4.31
850.0,Extremely Low Birth Weight (ELBW),Critical,4.31
850.0,Extremely Low Birth Weight (ELBW),Critical,4.31
850.0,Extremely Low Birth Weight (ELBW),Critical,4.31
850.0,Extremely Low Birth Weight (ELBW),Critical,4.31
850.0,Extremely Low Birth Weight (ELBW),Critical,4.31
840.0,Extremely Low Birth Weight (ELBW),Critical,4.33
840.0,Extremely Low Birth Weight (ELBW),Critical,4.33
840.0,Extremely Low Birth Weight (ELBW),Critical,4.33
840.0,Extremely Low Birth Weight (ELBW),Critical,4.33
840.0,Extremely Low Birth Weight (ELBW),Critical,4.33
840.0,Extremely Low Birth Weight (ELBW),Critical,4.33
840.0,Extremely Low Birth Weight (ELBW),Critical,4.33
840.0,Extremely Low Birth Weight (ELBW),Critical,4.33
835.0,Extremely Low Birth Weight (ELBW),Critical,4.34
835.0,Extremely Low Birth Weight (ELBW),Critical,4.34
830.0,Extremely Low Birth Weight (ELBW),Critical,4.35
830.0,Extremely Low Birth Weight (ELBW),Critical,4.35
830.0,Extremely Low Birth Weight (ELBW),Critical,4.35
830.0,Extremely Low Birth Weight (ELBW),Critical,4.35
825.0,Extremely Low Birth Weight (ELBW),Critical,4.36
825.0,Extremely Low Birth Weight (ELBW),Critical,4.36
825.0,Extremely Low Birth Weight (ELBW),Critical,4.36
825.0,Extremely Low Birth Weight (ELBW),Critical,4.36
820.0,Extremely Low Birth Weight (ELBW),Critical,4.37
820.0,Extremely Low Birth Weight (ELBW),Critical,4.37
820.0,Extremely Low Birth Weight (ELBW),Critical,4.37
820.0,Extremely Low Birth Weight (ELBW),Critical,4.37
820.0,Extremely Low Birth Weight (ELBW),Critical,4.37
815.0,Extremely Low Birth Weight (ELBW),Critical,4.38
815.0,Extremely Low Birth Weight (ELBW),Critical,4.38
810.0,Extremely Low Birth Weight (ELBW),Critical,4.39
810.0,Extremely Low Birth Weight (ELBW),Critical,4.39
810.0,Extremely Low Birth Weight (ELBW),Critical,4.39
810.0,Extremely Low Birth Weight (ELBW),Critical,4.39
810.0,Extremely Low Birth Weight (ELBW),Critical,4.39
810.0,Extremely Low Birth Weight (ELBW),Critical,4.39
805.0,Extremely Low Birth Weight (ELBW),Critical,4.4
800.0,Extremely Low Birth Weight (ELBW),Critical,4.41
800.0,Extremely Low Birth Weight (ELBW),Critical,4.41
800.0,Extremely Low Birth Weight (ELBW),Critical,4.41
800.0,Extremely Low Birth Weight (ELBW),Critical,4.41
800.0,Extremely Low Birth Weight (ELBW),Critical,4.41
800.0,Extremely Low Birth Weight (ELBW),Critical,4.41
800.0,Extremely Low Birth Weight (ELBW),Critical,4.41
800.0,Extremely Low Birth Weight (ELBW),Critical,4.41
800.0,Extremely Low Birth Weight (ELBW),Critical,4.41
800.0,Extremely Low Birth Weight (ELBW),Critical,4.41
800.0,Extremely Low Birth Weight (ELBW),Critical,4.41
800.0,Extremely Low Birth Weight (ELBW),Critical,4.41
800.0,Extremely Low Birth Weight (ELBW),Critical,4.41
800.0,Extremely Low Birth Weight (ELBW),Critical,4.41
798.0,Extremely Low Birth Weight (ELBW),Critical,4.42
795.0,Extremely Low Birth Weight (ELBW),Critical,4.42
790.0,Extremely Low Birth Weight (ELBW),Critical,4.43
790.0,Extremely Low Birth Weight (ELBW),Critical,4.43
790.0,Extremely Low Birth Weight (ELBW),Critical,4.43
790.0,Extremely Low Birth Weight (ELBW),Critical,4.43
790.0,Extremely Low Birth Weight (ELBW),Critical,4.43
790.0,Extremely Low Birth Weight (ELBW),Critical,4.43
785.0,Extremely Low Birth Weight (ELBW),Critical,4.44
781.0,Extremely Low Birth Weight (ELBW),Critical,4.45
780.0,Extremely Low Birth Weight (ELBW),Critical,4.45
780.0,Extremely Low Birth Weight (ELBW),Critical,4.45
780.0,Extremely Low Birth Weight (ELBW),Critical,4.45
780.0,Extremely Low Birth Weight (ELBW),Critical,4.45
780.0,Extremely Low Birth Weight (ELBW),Critical,4.45
780.0,Extremely Low Birth Weight (ELBW),Critical,4.45
780.0,Extremely Low Birth Weight (ELBW),Critical,4.45
775.0,Extremely Low Birth Weight (ELBW),Critical,4.46
775.0,Extremely Low Birth Weight (ELBW),Critical,4.46
775.0,Extremely Low Birth Weight (ELBW),Critical,4.46
770.0,Extremely Low Birth Weight (ELBW),Critical,4.48
770.0,Extremely Low Birth Weight (ELBW),Critical,4.48
770.0,Extremely Low Birth Weight (ELBW),Critical,4.48
770.0,Extremely Low Birth Weight (ELBW),Critical,4.48
770.0,Extremely Low Birth Weight (ELBW),Critical,4.48
770.0,Extremely Low Birth Weight (ELBW),Critical,4.48
770.0,Extremely Low Birth Weight (ELBW),Critical,4.48
770.0,Extremely Low Birth Weight (ELBW),Critical,4.48
765.0,Extremely Low Birth Weight (ELBW),Critical,4.49
765.0,Extremely Low Birth Weight (ELBW),Critical,4.49
765.0,Extremely Low Birth Weight (ELBW),Critical,4.49
760.0,Extremely Low Birth Weight (ELBW),Critical,4.5
760.0,Extremely Low Birth Weight (ELBW),Critical,4.5
760.0,Extremely Low Birth Weight (ELBW),Critical,4.5
750.0,Extremely Low Birth Weight (ELBW),Critical,4.52
750.0,Extremely Low Birth Weight (ELBW),Critical,4.52
750.0,Extremely Low Birth Weight (ELBW),Critical,4.52
750.0,Extremely Low Birth Weight (ELBW),Critical,4.52
750.0,Extremely Low Birth Weight (ELBW),Critical,4.52
750.0,Extremely Low Birth Weight (ELBW),Critical,4.52
745.0,Extremely Low Birth Weight (ELBW),Critical,4.53
745.0,Extremely Low Birth Weight (ELBW),Critical,4.53
742.0,Extremely Low Birth Weight (ELBW),Critical,4.53
740.0,Extremely Low Birth Weight (ELBW),Critical,4.54
740.0,Extremely Low Birth Weight (ELBW),Critical,4.54
740.0,Extremely Low Birth Weight (ELBW),Critical,4.54
740.0,Extremely Low Birth Weight (ELBW),Critical,4.54
737.0,Extremely Low Birth Weight (ELBW),Critical,4.54
735.0,Extremely Low Birth Weight (ELBW),Critical,4.55
735.0,Extremely Low Birth Weight (ELBW),Critical,4.55
730.0,Extremely Low Birth Weight (ELBW),Critical,4.56
720.0,Extremely Low Birth Weight (ELBW),Critical,4.58
720.0,Extremely Low Birth Weight (ELBW),Critical,4.58
720.0,Extremely Low Birth Weight (ELBW),Critical,4.58
720.0,Extremely Low Birth Weight (ELBW),Critical,4.58
720.0,Extremely Low Birth Weight (ELBW),Critical,4.58
720.0,Extremely Low Birth Weight (ELBW),Critical,4.58
710.0,Extremely Low Birth Weight (ELBW),Critical,4.6
710.0,Extremely Low Birth Weight (ELBW),Critical,4.6
702.0,Extremely Low Birth Weight (ELBW),Critical,4.62
700.0,Extremely Low Birth Weight (ELBW),Critical,4.62
700.0,Extremely Low Birth Weight (ELBW),Critical,4.62
700.0,Extremely Low Birth Weight (ELBW),Critical,4.62
700.0,Extremely Low Birth Weight (ELBW),Critical,4.62
700.0,Extremely Low Birth Weight (ELBW),Critical,4.62
700.0,Extremely Low Birth Weight (ELBW),Critical,4.62
700.0,Extremely Low Birth Weight (ELBW),Critical,4.62
700.0,Extremely Low Birth Weight (ELBW),Critical,4.62
700.0,Extremely Low Birth Weight (ELBW),Critical,4.62
695.0,Extremely Low Birth Weight (ELBW),Critical,4.63
695.0,Extremely Low Birth Weight (ELBW),Critical,4.63
690.0,Extremely Low Birth Weight (ELBW),Critical,4.64
685.0,Extremely Low Birth Weight (ELBW),Critical,4.65
680.0,Extremely Low Birth Weight (ELBW),Critical,4.66
680.0,Extremely Low Birth Weight (ELBW),Critical,4.66
680.0,Extremely Low Birth Weight (ELBW),Critical,4.66
680.0,Extremely Low Birth Weight (ELBW),Critical,4.66
670.0,Extremely Low Birth Weight (ELBW),Critical,4.68
670.0,Extremely Low Birth Weight (ELBW),Critical,4.68
670.0,Extremely Low Birth Weight (ELBW),Critical,4.68
660.0,Extremely Low Birth Weight (ELBW),Critical,4.7
660.0,Extremely Low Birth Weight (ELBW),Critical,4.7
650.0,Extremely Low Birth Weight (ELBW),Critical,4.73
650.0,Extremely Low Birth Weight (ELBW),Critical,4.73
650.0,Extremely Low Birth Weight (ELBW),Critical,4.73
650.0,Extremely Low Birth Weight (ELBW),Critical,4.73
650.0,Extremely Low Birth Weight (ELBW),Critical,4.73
650.0,Extremely Low Birth Weight (ELBW),Critical,4.73
650.0,Extremely Low Birth Weight (ELBW),Critical,4.73
645.0,Extremely Low Birth Weight (ELBW),Critical,4.74
640.0,Extremely Low Birth Weight (ELBW),Critical,4.75
640.0,Extremely Low Birth Weight (ELBW),Critical,4.75
640.0,Extremely Low Birth Weight (ELBW),Critical,4.75
635.0,Extremely Low Birth Weight (ELBW),Critical,4.76
635.0,Extremely Low Birth Weight (ELBW),Critical,4.76
630.0,Extremely Low Birth Weight (ELBW),Critical,4.77
625.0,Extremely Low Birth Weight (ELBW),Critical,4.78
620.0,Extremely Low Birth Weight (ELBW),Critical,4.79
620.0,Extremely Low Birth Weight (ELBW),Critical,4.79
620.0,Extremely Low Birth Weight (ELBW),Critical,4.79
